COMMAND: mvn -f operator/framework/pom.xml clean install
[INFO] Scanning for projects...
[INFO] 
[INFO] -----------< com.huawei.dcs.modelengine:operator-framework >------------
[INFO] Building operator-framework 0.1.0-SNAPSHOT
[INFO]   from pom.xml
[INFO] --------------------------------[ jar ]---------------------------------
[INFO] 
[INFO] --- clean:3.2.0:clean (default-clean) @ operator-framework ---
[INFO] Deleting /Volumes/work/Project/java-operator-framework/operator/framework/target
[INFO] 
[INFO] --- java-generator:7.3.0:generate (default) @ operator-framework ---
[INFO] 
[INFO] --- resources:3.3.1:resources (default-resources) @ operator-framework ---
[INFO] Copying 0 resource from src/main/resources to target/classes
[INFO] 
[INFO] --- compiler:3.13.0:compile (default-compile) @ operator-framework ---
[INFO] Recompiling the module because of changed source code.
[INFO] Compiling 46 source files with javac [debug parameters release 21] to target/classes
[INFO] /Volumes/work/Project/java-operator-framework/operator/framework/src/main/java/com/huawei/dcs/modelengine/operator/framework/webhook/registration/WebhookSelfRegistration.java: /Volumes/work/Project/java-operator-framework/operator/framework/src/main/java/com/huawei/dcs/modelengine/operator/framework/webhook/registration/WebhookSelfRegistration.java使用或覆盖了已过时的 API。
[INFO] /Volumes/work/Project/java-operator-framework/operator/framework/src/main/java/com/huawei/dcs/modelengine/operator/framework/webhook/registration/WebhookSelfRegistration.java: 有关详细信息, 请使用 -Xlint:deprecation 重新编译。
[INFO] 
[INFO] --- crd-generator:7.3.0:generate (default) @ operator-framework ---
[WARNING] No resources were registered with the 'customResources' method to be generated
[INFO] 
[INFO] --- resources:3.3.1:testResources (default-testResources) @ operator-framework ---
[INFO] skip non existing resourceDirectory /Volumes/work/Project/java-operator-framework/operator/framework/src/test/resources
[INFO] 
[INFO] --- compiler:3.13.0:testCompile (default-testCompile) @ operator-framework ---
[INFO] Recompiling the module because of changed dependency.
[INFO] Compiling 33 source files with javac [debug parameters release 21] to target/test-classes
[INFO] /Volumes/work/Project/java-operator-framework/operator/framework/src/test/java/com/huawei/dcs/modelengine/operator/framework/OperatorBackwardCompatibilityTest.java: 某些输入文件使用或覆盖了已过时的 API。
[INFO] /Volumes/work/Project/java-operator-framework/operator/framework/src/test/java/com/huawei/dcs/modelengine/operator/framework/OperatorBackwardCompatibilityTest.java: 有关详细信息, 请使用 -Xlint:deprecation 重新编译。
[INFO] 
[INFO] --- surefire:3.2.5:test (default-test) @ operator-framework ---
[INFO] Using auto detected provider org.apache.maven.surefire.junitplatform.JUnitPlatformProvider
[INFO] 
[INFO] -------------------------------------------------------
[INFO]  T E S T S
[INFO] -------------------------------------------------------
[INFO] Running com.huawei.dcs.modelengine.operator.framework.ControllerBuilderTest
[INFO] Tests run: 3, Failures: 0, Errors: 0, Skipped: 0, Time elapsed: 0.023 s -- in com.huawei.dcs.modelengine.operator.framework.ControllerBuilderTest
[INFO] Running com.huawei.dcs.modelengine.operator.framework.OperatorBackwardCompatibilityTest
Mockito is currently self-attaching to enable the inline-mock-maker. This will no longer work in future releases of the JDK. Please add Mockito as an agent to your build what is described in Mockito's documentation: https://javadoc.io/doc/org.mockito/mockito-core/latest/org/mockito/Mockito.html#0.3
Java HotSpot(TM) 64-Bit Server VM warning: Sharing is only supported for boot loader classes because bootstrap classpath has been appended
WARNING: A Java agent has been loaded dynamically (/Users/crazytomatooo/.m2/repository/net/bytebuddy/byte-buddy-agent/1.15.4/byte-buddy-agent-1.15.4.jar)
WARNING: If a serviceability tool is in use, please run with -XX:+EnableDynamicAgentLoading to hide this warning
WARNING: If a serviceability tool is not in use, please run with -Djdk.instrument.traceUsage for more information
WARNING: Dynamic loading of agents will be disallowed by default in a future release
[INFO] Tests run: 1, Failures: 0, Errors: 0, Skipped: 0, Time elapsed: 0.505 s -- in com.huawei.dcs.modelengine.operator.framework.OperatorBackwardCompatibilityTest
[INFO] Running com.huawei.dcs.modelengine.operator.framework.OperatorLauncherTest
[INFO] Tests run: 5, Failures: 0, Errors: 0, Skipped: 0, Time elapsed: 2.148 s -- in com.huawei.dcs.modelengine.operator.framework.OperatorLauncherTest
[INFO] Running com.huawei.dcs.modelengine.operator.framework.OperatorSecondaryWatchTest
[INFO] Tests run: 1, Failures: 0, Errors: 0, Skipped: 0, Time elapsed: 0.019 s -- in com.huawei.dcs.modelengine.operator.framework.OperatorSecondaryWatchTest
[INFO] Running com.huawei.dcs.modelengine.operator.framework.event.EventRecorderTest
SLF4J(W): No SLF4J providers were found.
SLF4J(W): Defaulting to no-operation (NOP) logger implementation
SLF4J(W): See https://www.slf4j.org/codes.html#noProviders for further details.
7月 28, 2026 1:09:29 上午 io.netty.resolver.dns.DnsServerAddressStreamProviders <clinit>
警告: Can not find io.netty.resolver.dns.macos.MacOSDnsServerAddressStreamProvider in the classpath, fallback to system defaults. This may result in incorrect DNS resolutions on MacOS. Check whether you have a dependency on 'io.netty:netty-resolver-dns-native-macos'
7月 28, 2026 1:09:29 上午 io.fabric8.mockwebserver.MockWebServer info
信息: MockWebServer[57376] starting to accept connections on localhost
7月 28, 2026 1:09:30 上午 io.fabric8.mockwebserver.MockWebServer info
信息: MockWebServer[57377] starting to accept connections on localhost
7月 28, 2026 1:09:30 上午 io.fabric8.mockwebserver.MockWebServer info
信息: MockWebServer[57377] received request: POST /api/v1/namespaces/test/events HTTP/1.1 and responded: HTTP/1.1 201 Created
7月 28, 2026 1:09:30 上午 io.fabric8.mockwebserver.MockWebServer info
信息: MockWebServer[57377] received request: GET /api/v1/namespaces/test/events HTTP/1.1 and responded: HTTP/1.1 200 OK
7月 28, 2026 1:09:30 上午 io.fabric8.mockwebserver.MockWebServer info
信息: MockWebServer[57377] received request: GET /api/v1/namespaces/test/events HTTP/1.1 and responded: HTTP/1.1 200 OK
7月 28, 2026 1:09:30 上午 io.fabric8.mockwebserver.MockWebServer info
信息: MockWebServer[57377] done accepting connections
7月 28, 2026 1:09:30 上午 io.fabric8.mockwebserver.MockWebServer info
信息: MockWebServer[57379] starting to accept connections on localhost
7月 28, 2026 1:09:30 上午 io.fabric8.mockwebserver.MockWebServer info
信息: MockWebServer[57379] received request: POST /api/v1/namespaces/test/events HTTP/1.1 and responded: HTTP/1.1 201 Created
7月 28, 2026 1:09:30 上午 io.fabric8.mockwebserver.MockWebServer info
信息: MockWebServer[57379] received request: GET /api/v1/namespaces/test/events HTTP/1.1 and responded: HTTP/1.1 200 OK
7月 28, 2026 1:09:30 上午 io.fabric8.mockwebserver.MockWebServer info
信息: MockWebServer[57379] received request: GET /api/v1/namespaces/test/events HTTP/1.1 and responded: HTTP/1.1 200 OK
7月 28, 2026 1:09:30 上午 io.fabric8.mockwebserver.MockWebServer info
信息: MockWebServer[57379] done accepting connections
7月 28, 2026 1:09:30 上午 io.fabric8.mockwebserver.MockWebServer info
信息: MockWebServer[57381] starting to accept connections on localhost
7月 28, 2026 1:09:30 上午 io.fabric8.mockwebserver.MockWebServer info
信息: MockWebServer[57381] received request: POST /api/v1/namespaces/test/events HTTP/1.1 and responded: HTTP/1.1 201 Created
7月 28, 2026 1:09:30 上午 io.fabric8.mockwebserver.MockWebServer info
信息: MockWebServer[57381] received request: PATCH /api/v1/namespaces/test/events/deployment-2556a6fb HTTP/1.1 and responded: HTTP/1.1 202 Accepted
7月 28, 2026 1:09:30 上午 io.fabric8.mockwebserver.MockWebServer info
信息: MockWebServer[57381] received request: GET /api/v1/namespaces/test/events HTTP/1.1 and responded: HTTP/1.1 200 OK
7月 28, 2026 1:09:30 上午 io.fabric8.mockwebserver.MockWebServer info
信息: MockWebServer[57381] done accepting connections
7月 28, 2026 1:09:30 上午 io.fabric8.mockwebserver.MockWebServer info
信息: MockWebServer[57383] starting to accept connections on localhost
7月 28, 2026 1:09:30 上午 io.fabric8.mockwebserver.MockWebServer info
信息: MockWebServer[57383] received request: POST /api/v1/namespaces/test/events HTTP/1.1 and responded: HTTP/1.1 201 Created
7月 28, 2026 1:09:30 上午 io.fabric8.mockwebserver.MockWebServer info
信息: MockWebServer[57383] received request: POST /api/v1/namespaces/test/events HTTP/1.1 and responded: HTTP/1.1 201 Created
7月 28, 2026 1:09:30 上午 io.fabric8.mockwebserver.MockWebServer info
信息: MockWebServer[57383] received request: GET /api/v1/namespaces/test/events HTTP/1.1 and responded: HTTP/1.1 200 OK
7月 28, 2026 1:09:30 上午 io.fabric8.mockwebserver.MockWebServer info
信息: MockWebServer[57383] done accepting connections
7月 28, 2026 1:09:30 上午 io.fabric8.mockwebserver.MockWebServer info
信息: MockWebServer[57385] starting to accept connections on localhost
7月 28, 2026 1:09:30 上午 io.fabric8.mockwebserver.MockWebServer info
信息: MockWebServer[57385] received request: GET /api/v1/namespaces/test/events HTTP/1.1 and responded: HTTP/1.1 200 OK
7月 28, 2026 1:09:30 上午 io.fabric8.mockwebserver.MockWebServer info
信息: MockWebServer[57385] done accepting connections
7月 28, 2026 1:09:30 上午 io.fabric8.mockwebserver.MockWebServer info
信息: MockWebServer[57387] starting to accept connections on localhost
7月 28, 2026 1:09:30 上午 io.fabric8.mockwebserver.MockWebServer info
信息: MockWebServer[57387] received request: POST /api/v1/namespaces/test/events HTTP/1.1 and responded: HTTP/1.1 201 Created
7月 28, 2026 1:09:30 上午 io.fabric8.mockwebserver.MockWebServer info
信息: MockWebServer[57387] received request: GET /api/v1/namespaces/test/events HTTP/1.1 and responded: HTTP/1.1 200 OK
7月 28, 2026 1:09:30 上午 io.fabric8.mockwebserver.MockWebServer info
信息: MockWebServer[57387] received request: PATCH /api/v1/namespaces/test/events/deployment-088f0f4d HTTP/1.1 and responded: HTTP/1.1 202 Accepted
7月 28, 2026 1:09:30 上午 io.fabric8.mockwebserver.MockWebServer info
信息: MockWebServer[57387] done accepting connections
7月 28, 2026 1:09:30 上午 io.fabric8.mockwebserver.MockWebServer info
信息: MockWebServer[57389] starting to accept connections on localhost
7月 28, 2026 1:09:30 上午 io.fabric8.mockwebserver.MockWebServer info
信息: MockWebServer[57389] received request: POST /api/v1/namespaces/test/events HTTP/1.1 and responded: HTTP/1.1 201 Created
7月 28, 2026 1:09:30 上午 io.fabric8.mockwebserver.MockWebServer info
信息: MockWebServer[57389] received request: POST /api/v1/namespaces/test/events HTTP/1.1 and responded: HTTP/1.1 201 Created
7月 28, 2026 1:09:30 上午 io.fabric8.mockwebserver.MockWebServer info
信息: MockWebServer[57389] received request: POST /api/v1/namespaces/test/events HTTP/1.1 and responded: HTTP/1.1 409 Conflict
7月 28, 2026 1:09:30 上午 io.fabric8.mockwebserver.MockWebServer info
信息: MockWebServer[57389] received request: GET /api/v1/namespaces/test/events/deployment-27ed32ae HTTP/1.1 and responded: HTTP/1.1 200 OK
7月 28, 2026 1:09:30 上午 io.fabric8.mockwebserver.MockWebServer info
信息: MockWebServer[57389] received request: PATCH /api/v1/namespaces/test/events/deployment-27ed32ae HTTP/1.1 and responded: HTTP/1.1 202 Accepted
7月 28, 2026 1:09:30 上午 io.fabric8.mockwebserver.MockWebServer info
信息: MockWebServer[57389] received request: GET /api/v1/namespaces/test/events HTTP/1.1 and responded: HTTP/1.1 200 OK
7月 28, 2026 1:09:30 上午 io.fabric8.mockwebserver.MockWebServer info
信息: MockWebServer[57389] done accepting connections
7月 28, 2026 1:09:31 上午 io.fabric8.mockwebserver.MockWebServer info
信息: MockWebServer[57391] starting to accept connections on localhost
7月 28, 2026 1:09:31 上午 io.fabric8.mockwebserver.MockWebServer info
信息: MockWebServer[57391] received request: POST /api/v1/namespaces/test/events HTTP/1.1 and responded: HTTP/1.1 201 Created
7月 28, 2026 1:09:31 上午 io.fabric8.mockwebserver.MockWebServer info
信息: MockWebServer[57391] received request: PATCH /api/v1/namespaces/test/events/deployment-18691976 HTTP/1.1 and responded: HTTP/1.1 202 Accepted
7月 28, 2026 1:09:31 上午 io.fabric8.mockwebserver.MockWebServer info
信息: MockWebServer[57391] received request: GET /api/v1/namespaces/test/events HTTP/1.1 and responded: HTTP/1.1 200 OK
7月 28, 2026 1:09:31 上午 io.fabric8.mockwebserver.MockWebServer info
信息: MockWebServer[57391] done accepting connections
7月 28, 2026 1:09:31 上午 io.fabric8.mockwebserver.MockWebServer info
信息: MockWebServer[57393] starting to accept connections on localhost
7月 28, 2026 1:09:31 上午 io.fabric8.mockwebserver.MockWebServer info
信息: MockWebServer[57393] done accepting connections
7月 28, 2026 1:09:31 上午 io.fabric8.mockwebserver.MockWebServer info
信息: MockWebServer[57394] starting to accept connections on localhost
7月 28, 2026 1:09:31 上午 io.fabric8.mockwebserver.MockWebServer info
信息: MockWebServer[57394] done accepting connections
7月 28, 2026 1:09:31 上午 io.fabric8.mockwebserver.MockWebServer info
信息: MockWebServer[57395] starting to accept connections on localhost
7月 28, 2026 1:09:31 上午 io.fabric8.mockwebserver.MockWebServer info
信息: MockWebServer[57395] received request: POST /api/v1/namespaces/test/events HTTP/1.1 and responded: HTTP/1.1 201 Created
7月 28, 2026 1:09:31 上午 io.fabric8.mockwebserver.MockWebServer info
信息: MockWebServer[57395] done accepting connections
7月 28, 2026 1:09:31 上午 io.fabric8.mockwebserver.MockWebServer info
信息: MockWebServer[57397] starting to accept connections on localhost
7月 28, 2026 1:09:31 上午 io.fabric8.mockwebserver.MockWebServer info
信息: MockWebServer[57397] received request: POST /api/v1/namespaces/test/events HTTP/1.1 and responded: HTTP/1.1 201 Created
7月 28, 2026 1:09:31 上午 io.fabric8.mockwebserver.MockWebServer info
信息: MockWebServer[57397] received request: GET /api/v1/namespaces/test/events HTTP/1.1 and responded: HTTP/1.1 200 OK
7月 28, 2026 1:09:31 上午 io.fabric8.mockwebserver.MockWebServer info
信息: MockWebServer[57397] received request: GET /api/v1/namespaces/test/events HTTP/1.1 and responded: HTTP/1.1 200 OK
7月 28, 2026 1:09:31 上午 io.fabric8.mockwebserver.MockWebServer info
信息: MockWebServer[57397] received request: PATCH /api/v1/namespaces/test/events/deployment-c4e2b530 HTTP/1.1 and responded: HTTP/1.1 202 Accepted
7月 28, 2026 1:09:31 上午 io.fabric8.mockwebserver.MockWebServer info
信息: MockWebServer[57397] done accepting connections
7月 28, 2026 1:09:31 上午 io.fabric8.mockwebserver.MockWebServer info
信息: MockWebServer[57399] starting to accept connections on localhost
7月 28, 2026 1:09:31 上午 io.fabric8.mockwebserver.MockWebServer info
信息: MockWebServer[57399] received request: GET /api/v1/namespaces/test/events HTTP/1.1 and responded: HTTP/1.1 200 OK
7月 28, 2026 1:09:31 上午 io.fabric8.mockwebserver.MockWebServer info
信息: MockWebServer[57399] done accepting connections
7月 28, 2026 1:09:31 上午 io.fabric8.mockwebserver.MockWebServer info
信息: MockWebServer[57401] starting to accept connections on localhost
7月 28, 2026 1:09:31 上午 io.fabric8.mockwebserver.MockWebServer info
信息: MockWebServer[57401] received request: POST /api/v1/namespaces/test/events HTTP/1.1 and responded: HTTP/1.1 201 Created
7月 28, 2026 1:09:31 上午 io.fabric8.mockwebserver.MockWebServer info
信息: MockWebServer[57401] received request: POST /api/v1/namespaces/test/events HTTP/1.1 and responded: HTTP/1.1 201 Created
7月 28, 2026 1:09:31 上午 io.fabric8.mockwebserver.MockWebServer info
信息: MockWebServer[57401] received request: PATCH /api/v1/namespaces/test/events/deployment-65565784 HTTP/1.1 and responded: HTTP/1.1 202 Accepted
7月 28, 2026 1:09:31 上午 io.fabric8.mockwebserver.MockWebServer info
信息: MockWebServer[57401] received request: POST /api/v1/namespaces/test/events HTTP/1.1 and responded: HTTP/1.1 201 Created
7月 28, 2026 1:09:31 上午 io.fabric8.mockwebserver.MockWebServer info
信息: MockWebServer[57401] received request: GET /api/v1/namespaces/test/events HTTP/1.1 and responded: HTTP/1.1 200 OK
7月 28, 2026 1:09:31 上午 io.fabric8.mockwebserver.MockWebServer info
信息: MockWebServer[57401] done accepting connections
7月 28, 2026 1:09:31 上午 io.fabric8.mockwebserver.MockWebServer info
信息: MockWebServer[57403] starting to accept connections on localhost
7月 28, 2026 1:09:31 上午 io.fabric8.mockwebserver.MockWebServer info
信息: MockWebServer[57403] received request: POST /api/v1/namespaces/test/events HTTP/1.1 and responded: HTTP/1.1 201 Created
7月 28, 2026 1:09:31 上午 io.fabric8.mockwebserver.MockWebServer info
信息: MockWebServer[57403] received request: PATCH /api/v1/namespaces/test/events/deployment-0e54c37c HTTP/1.1 and responded: HTTP/1.1 202 Accepted
7月 28, 2026 1:09:31 上午 io.fabric8.mockwebserver.MockWebServer info
信息: MockWebServer[57403] received request: GET /api/v1/namespaces/test/events HTTP/1.1 and responded: HTTP/1.1 200 OK
7月 28, 2026 1:09:31 上午 io.fabric8.mockwebserver.MockWebServer info
信息: MockWebServer[57403] done accepting connections
7月 28, 2026 1:09:31 上午 io.fabric8.mockwebserver.MockWebServer info
信息: MockWebServer[57405] starting to accept connections on localhost
7月 28, 2026 1:09:31 上午 io.fabric8.mockwebserver.MockWebServer info
信息: MockWebServer[57405] received request: POST /api/v1/namespaces/test/events HTTP/1.1 and responded: HTTP/1.1 201 Created
7月 28, 2026 1:09:31 上午 io.fabric8.mockwebserver.MockWebServer info
信息: MockWebServer[57405] received request: PATCH /api/v1/namespaces/test/events/deployment-165c62a3 HTTP/1.1 and responded: HTTP/1.1 202 Accepted
7月 28, 2026 1:09:31 上午 io.fabric8.mockwebserver.MockWebServer info
信息: MockWebServer[57405] received request: GET /api/v1/namespaces/test/events HTTP/1.1 and responded: HTTP/1.1 200 OK
7月 28, 2026 1:09:31 上午 io.fabric8.mockwebserver.MockWebServer info
信息: MockWebServer[57405] done accepting connections
7月 28, 2026 1:09:31 上午 io.fabric8.mockwebserver.MockWebServer info
信息: MockWebServer[57407] starting to accept connections on localhost
7月 28, 2026 1:09:31 上午 io.fabric8.mockwebserver.MockWebServer info
信息: MockWebServer[57407] received request: POST /api/v1/namespaces/test/events HTTP/1.1 and responded: HTTP/1.1 201 Created
7月 28, 2026 1:09:31 上午 io.fabric8.mockwebserver.MockWebServer info
信息: MockWebServer[57407] received request: GET /api/v1/namespaces/test/events HTTP/1.1 and responded: HTTP/1.1 200 OK
7月 28, 2026 1:09:31 上午 io.fabric8.mockwebserver.MockWebServer info
信息: MockWebServer[57407] received request: DELETE /api/v1/namespaces/test/events/deployment-f8386219 HTTP/1.1 and responded: HTTP/1.1 200 OK
7月 28, 2026 1:09:31 上午 io.fabric8.mockwebserver.MockWebServer info
信息: MockWebServer[57407] received request: PATCH /api/v1/namespaces/test/events/deployment-f8386219 HTTP/1.1 and responded: HTTP/1.1 404 Not Found
7月 28, 2026 1:09:31 上午 io.fabric8.mockwebserver.MockWebServer info
信息: MockWebServer[57407] received request: POST /api/v1/namespaces/test/events HTTP/1.1 and responded: HTTP/1.1 201 Created
7月 28, 2026 1:09:31 上午 io.fabric8.mockwebserver.MockWebServer info
信息: MockWebServer[57407] received request: GET /api/v1/namespaces/test/events HTTP/1.1 and responded: HTTP/1.1 200 OK
7月 28, 2026 1:09:31 上午 io.fabric8.mockwebserver.MockWebServer info
信息: MockWebServer[57407] done accepting connections
7月 28, 2026 1:09:32 上午 io.fabric8.mockwebserver.MockWebServer info
信息: MockWebServer[57409] starting to accept connections on localhost
7月 28, 2026 1:09:32 上午 io.fabric8.mockwebserver.MockWebServer info
信息: MockWebServer[57409] received request: POST /api/v1/namespaces/test/events HTTP/1.1 and responded: HTTP/1.1 201 Created
7月 28, 2026 1:09:32 上午 io.fabric8.mockwebserver.MockWebServer info
信息: MockWebServer[57409] received request: GET /api/v1/namespaces/test/events HTTP/1.1 and responded: HTTP/1.1 200 OK
7月 28, 2026 1:09:32 上午 io.fabric8.mockwebserver.MockWebServer info
信息: MockWebServer[57409] done accepting connections
7月 28, 2026 1:09:32 上午 io.fabric8.mockwebserver.MockWebServer info
信息: MockWebServer[57411] starting to accept connections on localhost
7月 28, 2026 1:09:32 上午 io.fabric8.mockwebserver.MockWebServer info
信息: MockWebServer[57411] received request: POST /api/v1/namespaces/test/events HTTP/1.1 and responded: HTTP/1.1 201 Created
7月 28, 2026 1:09:32 上午 io.fabric8.mockwebserver.MockWebServer info
信息: MockWebServer[57411] received request: GET /api/v1/namespaces/test/events HTTP/1.1 and responded: HTTP/1.1 200 OK
7月 28, 2026 1:09:32 上午 io.fabric8.mockwebserver.MockWebServer info
信息: MockWebServer[57411] done accepting connections
7月 28, 2026 1:09:32 上午 io.fabric8.mockwebserver.MockWebServer info
信息: MockWebServer[57413] starting to accept connections on localhost
7月 28, 2026 1:09:32 上午 io.fabric8.mockwebserver.MockWebServer info
信息: MockWebServer[57413] received request: POST /api/v1/namespaces/test/events HTTP/1.1 and responded: HTTP/1.1 201 Created
7月 28, 2026 1:09:32 上午 io.fabric8.mockwebserver.MockWebServer info
信息: MockWebServer[57413] received request: POST /api/v1/namespaces/test/events HTTP/1.1 and responded: HTTP/1.1 201 Created
7月 28, 2026 1:09:32 上午 io.fabric8.mockwebserver.MockWebServer info
信息: MockWebServer[57413] received request: POST /api/v1/namespaces/test/events HTTP/1.1 and responded: HTTP/1.1 201 Created
7月 28, 2026 1:09:32 上午 io.fabric8.mockwebserver.MockWebServer info
信息: MockWebServer[57413] received request: POST /api/v1/namespaces/test/events HTTP/1.1 and responded: HTTP/1.1 201 Created
7月 28, 2026 1:09:32 上午 io.fabric8.mockwebserver.MockWebServer info
信息: MockWebServer[57413] received request: POST /api/v1/namespaces/test/events HTTP/1.1 and responded: HTTP/1.1 201 Created
7月 28, 2026 1:09:32 上午 io.fabric8.mockwebserver.MockWebServer info
信息: MockWebServer[57413] received request: POST /api/v1/namespaces/test/events HTTP/1.1 and responded: HTTP/1.1 201 Created
7月 28, 2026 1:09:32 上午 io.fabric8.mockwebserver.MockWebServer info
信息: MockWebServer[57413] received request: POST /api/v1/namespaces/test/events HTTP/1.1 and responded: HTTP/1.1 201 Created
7月 28, 2026 1:09:32 上午 io.fabric8.mockwebserver.MockWebServer info
信息: MockWebServer[57413] received request: POST /api/v1/namespaces/test/events HTTP/1.1 and responded: HTTP/1.1 201 Created
7月 28, 2026 1:09:32 上午 io.fabric8.mockwebserver.MockWebServer info
信息: MockWebServer[57413] received request: POST /api/v1/namespaces/test/events HTTP/1.1 and responded: HTTP/1.1 201 Created
7月 28, 2026 1:09:32 上午 io.fabric8.mockwebserver.MockWebServer info
信息: MockWebServer[57413] received request: POST /api/v1/namespaces/test/events HTTP/1.1 and responded: HTTP/1.1 201 Created
7月 28, 2026 1:09:32 上午 io.fabric8.mockwebserver.MockWebServer info
信息: MockWebServer[57413] received request: POST /api/v1/namespaces/test/events HTTP/1.1 and responded: HTTP/1.1 201 Created
7月 28, 2026 1:09:32 上午 io.fabric8.mockwebserver.MockWebServer info
信息: MockWebServer[57413] received request: POST /api/v1/namespaces/test/events HTTP/1.1 and responded: HTTP/1.1 201 Created
7月 28, 2026 1:09:32 上午 io.fabric8.mockwebserver.MockWebServer info
信息: MockWebServer[57413] received request: POST /api/v1/namespaces/test/events HTTP/1.1 and responded: HTTP/1.1 201 Created
7月 28, 2026 1:09:32 上午 io.fabric8.mockwebserver.MockWebServer info
信息: MockWebServer[57413] received request: POST /api/v1/namespaces/test/events HTTP/1.1 and responded: HTTP/1.1 201 Created
7月 28, 2026 1:09:32 上午 io.fabric8.mockwebserver.MockWebServer info
信息: MockWebServer[57413] received request: POST /api/v1/namespaces/test/events HTTP/1.1 and responded: HTTP/1.1 201 Created
7月 28, 2026 1:09:32 上午 io.fabric8.mockwebserver.MockWebServer info
信息: MockWebServer[57413] received request: POST /api/v1/namespaces/test/events HTTP/1.1 and responded: HTTP/1.1 201 Created
7月 28, 2026 1:09:32 上午 io.fabric8.mockwebserver.MockWebServer info
信息: MockWebServer[57413] received request: POST /api/v1/namespaces/test/events HTTP/1.1 and responded: HTTP/1.1 201 Created
7月 28, 2026 1:09:32 上午 io.fabric8.mockwebserver.MockWebServer info
信息: MockWebServer[57413] received request: POST /api/v1/namespaces/test/events HTTP/1.1 and responded: HTTP/1.1 201 Created
7月 28, 2026 1:09:32 上午 io.fabric8.mockwebserver.MockWebServer info
信息: MockWebServer[57413] received request: POST /api/v1/namespaces/test/events HTTP/1.1 and responded: HTTP/1.1 201 Created
7月 28, 2026 1:09:32 上午 io.fabric8.mockwebserver.MockWebServer info
信息: MockWebServer[57413] received request: POST /api/v1/namespaces/test/events HTTP/1.1 and responded: HTTP/1.1 201 Created
7月 28, 2026 1:09:32 上午 io.fabric8.mockwebserver.MockWebServer info
信息: MockWebServer[57413] received request: POST /api/v1/namespaces/test/events HTTP/1.1 and responded: HTTP/1.1 201 Created
7月 28, 2026 1:09:32 上午 io.fabric8.mockwebserver.MockWebServer info
信息: MockWebServer[57413] received request: POST /api/v1/namespaces/test/events HTTP/1.1 and responded: HTTP/1.1 201 Created
7月 28, 2026 1:09:32 上午 io.fabric8.mockwebserver.MockWebServer info
信息: MockWebServer[57413] received request: POST /api/v1/namespaces/test/events HTTP/1.1 and responded: HTTP/1.1 201 Created
7月 28, 2026 1:09:32 上午 io.fabric8.mockwebserver.MockWebServer info
信息: MockWebServer[57413] received request: POST /api/v1/namespaces/test/events HTTP/1.1 and responded: HTTP/1.1 201 Created
7月 28, 2026 1:09:32 上午 io.fabric8.mockwebserver.MockWebServer info
信息: MockWebServer[57413] received request: POST /api/v1/namespaces/test/events HTTP/1.1 and responded: HTTP/1.1 201 Created
7月 28, 2026 1:09:32 上午 io.fabric8.mockwebserver.MockWebServer info
信息: MockWebServer[57413] received request: POST /api/v1/namespaces/test/events HTTP/1.1 and responded: HTTP/1.1 201 Created
7月 28, 2026 1:09:32 上午 io.fabric8.mockwebserver.MockWebServer info
信息: MockWebServer[57413] received request: POST /api/v1/namespaces/test/events HTTP/1.1 and responded: HTTP/1.1 201 Created
7月 28, 2026 1:09:32 上午 io.fabric8.mockwebserver.MockWebServer info
信息: MockWebServer[57413] received request: POST /api/v1/namespaces/test/events HTTP/1.1 and responded: HTTP/1.1 201 Created
7月 28, 2026 1:09:32 上午 io.fabric8.mockwebserver.MockWebServer info
信息: MockWebServer[57413] received request: POST /api/v1/namespaces/test/events HTTP/1.1 and responded: HTTP/1.1 201 Created
7月 28, 2026 1:09:32 上午 io.fabric8.mockwebserver.MockWebServer info
信息: MockWebServer[57413] received request: POST /api/v1/namespaces/test/events HTTP/1.1 and responded: HTTP/1.1 201 Created
7月 28, 2026 1:09:32 上午 io.fabric8.mockwebserver.MockWebServer info
信息: MockWebServer[57413] received request: POST /api/v1/namespaces/test/events HTTP/1.1 and responded: HTTP/1.1 201 Created
7月 28, 2026 1:09:32 上午 io.fabric8.mockwebserver.MockWebServer info
信息: MockWebServer[57413] received request: POST /api/v1/namespaces/test/events HTTP/1.1 and responded: HTTP/1.1 201 Created
7月 28, 2026 1:09:32 上午 io.fabric8.mockwebserver.MockWebServer info
信息: MockWebServer[57413] received request: POST /api/v1/namespaces/test/events HTTP/1.1 and responded: HTTP/1.1 201 Created
7月 28, 2026 1:09:32 上午 io.fabric8.mockwebserver.MockWebServer info
信息: MockWebServer[57413] received request: POST /api/v1/namespaces/test/events HTTP/1.1 and responded: HTTP/1.1 201 Created
7月 28, 2026 1:09:32 上午 io.fabric8.mockwebserver.MockWebServer info
信息: MockWebServer[57413] received request: POST /api/v1/namespaces/test/events HTTP/1.1 and responded: HTTP/1.1 201 Created
7月 28, 2026 1:09:32 上午 io.fabric8.mockwebserver.MockWebServer info
信息: MockWebServer[57413] received request: POST /api/v1/namespaces/test/events HTTP/1.1 and responded: HTTP/1.1 201 Created
7月 28, 2026 1:09:32 上午 io.fabric8.mockwebserver.MockWebServer info
信息: MockWebServer[57413] received request: POST /api/v1/namespaces/test/events HTTP/1.1 and responded: HTTP/1.1 201 Created
7月 28, 2026 1:09:32 上午 io.fabric8.mockwebserver.MockWebServer info
信息: MockWebServer[57413] received request: POST /api/v1/namespaces/test/events HTTP/1.1 and responded: HTTP/1.1 201 Created
7月 28, 2026 1:09:32 上午 io.fabric8.mockwebserver.MockWebServer info
信息: MockWebServer[57413] received request: POST /api/v1/namespaces/test/events HTTP/1.1 and responded: HTTP/1.1 201 Created
7月 28, 2026 1:09:32 上午 io.fabric8.mockwebserver.MockWebServer info
信息: MockWebServer[57413] received request: POST /api/v1/namespaces/test/events HTTP/1.1 and responded: HTTP/1.1 201 Created
7月 28, 2026 1:09:32 上午 io.fabric8.mockwebserver.MockWebServer info
信息: MockWebServer[57413] received request: POST /api/v1/namespaces/test/events HTTP/1.1 and responded: HTTP/1.1 201 Created
7月 28, 2026 1:09:32 上午 io.fabric8.mockwebserver.MockWebServer info
信息: MockWebServer[57413] received request: POST /api/v1/namespaces/test/events HTTP/1.1 and responded: HTTP/1.1 201 Created
7月 28, 2026 1:09:32 上午 io.fabric8.mockwebserver.MockWebServer info
信息: MockWebServer[57413] received request: POST /api/v1/namespaces/test/events HTTP/1.1 and responded: HTTP/1.1 201 Created
7月 28, 2026 1:09:32 上午 io.fabric8.mockwebserver.MockWebServer info
信息: MockWebServer[57413] received request: POST /api/v1/namespaces/test/events HTTP/1.1 and responded: HTTP/1.1 201 Created
7月 28, 2026 1:09:32 上午 io.fabric8.mockwebserver.MockWebServer info
信息: MockWebServer[57413] received request: POST /api/v1/namespaces/test/events HTTP/1.1 and responded: HTTP/1.1 201 Created
7月 28, 2026 1:09:32 上午 io.fabric8.mockwebserver.MockWebServer info
信息: MockWebServer[57413] received request: POST /api/v1/namespaces/test/events HTTP/1.1 and responded: HTTP/1.1 201 Created
7月 28, 2026 1:09:32 上午 io.fabric8.mockwebserver.MockWebServer info
信息: MockWebServer[57413] received request: POST /api/v1/namespaces/test/events HTTP/1.1 and responded: HTTP/1.1 201 Created
7月 28, 2026 1:09:32 上午 io.fabric8.mockwebserver.MockWebServer info
信息: MockWebServer[57413] received request: POST /api/v1/namespaces/test/events HTTP/1.1 and responded: HTTP/1.1 201 Created
7月 28, 2026 1:09:32 上午 io.fabric8.mockwebserver.MockWebServer info
信息: MockWebServer[57413] received request: POST /api/v1/namespaces/test/events HTTP/1.1 and responded: HTTP/1.1 201 Created
7月 28, 2026 1:09:32 上午 io.fabric8.mockwebserver.MockWebServer info
信息: MockWebServer[57413] received request: POST /api/v1/namespaces/test/events HTTP/1.1 and responded: HTTP/1.1 201 Created
7月 28, 2026 1:09:32 上午 io.fabric8.mockwebserver.MockWebServer info
信息: MockWebServer[57413] received request: POST /api/v1/namespaces/test/events HTTP/1.1 and responded: HTTP/1.1 201 Created
7月 28, 2026 1:09:32 上午 io.fabric8.mockwebserver.MockWebServer info
信息: MockWebServer[57413] received request: POST /api/v1/namespaces/test/events HTTP/1.1 and responded: HTTP/1.1 201 Created
7月 28, 2026 1:09:32 上午 io.fabric8.mockwebserver.MockWebServer info
信息: MockWebServer[57413] received request: POST /api/v1/namespaces/test/events HTTP/1.1 and responded: HTTP/1.1 201 Created
7月 28, 2026 1:09:32 上午 io.fabric8.mockwebserver.MockWebServer info
信息: MockWebServer[57413] received request: POST /api/v1/namespaces/test/events HTTP/1.1 and responded: HTTP/1.1 201 Created
7月 28, 2026 1:09:32 上午 io.fabric8.mockwebserver.MockWebServer info
信息: MockWebServer[57413] received request: POST /api/v1/namespaces/test/events HTTP/1.1 and responded: HTTP/1.1 201 Created
7月 28, 2026 1:09:32 上午 io.fabric8.mockwebserver.MockWebServer info
信息: MockWebServer[57413] received request: POST /api/v1/namespaces/test/events HTTP/1.1 and responded: HTTP/1.1 201 Created
7月 28, 2026 1:09:32 上午 io.fabric8.mockwebserver.MockWebServer info
信息: MockWebServer[57413] received request: POST /api/v1/namespaces/test/events HTTP/1.1 and responded: HTTP/1.1 201 Created
7月 28, 2026 1:09:32 上午 io.fabric8.mockwebserver.MockWebServer info
信息: MockWebServer[57413] received request: POST /api/v1/namespaces/test/events HTTP/1.1 and responded: HTTP/1.1 201 Created
7月 28, 2026 1:09:32 上午 io.fabric8.mockwebserver.MockWebServer info
信息: MockWebServer[57413] received request: POST /api/v1/namespaces/test/events HTTP/1.1 and responded: HTTP/1.1 201 Created
7月 28, 2026 1:09:32 上午 io.fabric8.mockwebserver.MockWebServer info
信息: MockWebServer[57413] received request: POST /api/v1/namespaces/test/events HTTP/1.1 and responded: HTTP/1.1 201 Created
7月 28, 2026 1:09:32 上午 io.fabric8.mockwebserver.MockWebServer info
信息: MockWebServer[57413] received request: POST /api/v1/namespaces/test/events HTTP/1.1 and responded: HTTP/1.1 201 Created
7月 28, 2026 1:09:32 上午 io.fabric8.mockwebserver.MockWebServer info
信息: MockWebServer[57413] received request: POST /api/v1/namespaces/test/events HTTP/1.1 and responded: HTTP/1.1 201 Created
7月 28, 2026 1:09:32 上午 io.fabric8.mockwebserver.MockWebServer info
信息: MockWebServer[57413] received request: POST /api/v1/namespaces/test/events HTTP/1.1 and responded: HTTP/1.1 201 Created
7月 28, 2026 1:09:32 上午 io.fabric8.mockwebserver.MockWebServer info
信息: MockWebServer[57413] received request: POST /api/v1/namespaces/test/events HTTP/1.1 and responded: HTTP/1.1 201 Created
7月 28, 2026 1:09:32 上午 io.fabric8.mockwebserver.MockWebServer info
信息: MockWebServer[57413] received request: POST /api/v1/namespaces/test/events HTTP/1.1 and responded: HTTP/1.1 201 Created
7月 28, 2026 1:09:32 上午 io.fabric8.mockwebserver.MockWebServer info
信息: MockWebServer[57413] received request: POST /api/v1/namespaces/test/events HTTP/1.1 and responded: HTTP/1.1 201 Created
7月 28, 2026 1:09:32 上午 io.fabric8.mockwebserver.MockWebServer info
信息: MockWebServer[57413] received request: POST /api/v1/namespaces/test/events HTTP/1.1 and responded: HTTP/1.1 201 Created
7月 28, 2026 1:09:32 上午 io.fabric8.mockwebserver.MockWebServer info
信息: MockWebServer[57413] received request: POST /api/v1/namespaces/test/events HTTP/1.1 and responded: HTTP/1.1 201 Created
7月 28, 2026 1:09:32 上午 io.fabric8.mockwebserver.MockWebServer info
信息: MockWebServer[57413] received request: POST /api/v1/namespaces/test/events HTTP/1.1 and responded: HTTP/1.1 201 Created
7月 28, 2026 1:09:32 上午 io.fabric8.mockwebserver.MockWebServer info
信息: MockWebServer[57413] received request: POST /api/v1/namespaces/test/events HTTP/1.1 and responded: HTTP/1.1 201 Created
7月 28, 2026 1:09:32 上午 io.fabric8.mockwebserver.MockWebServer info
信息: MockWebServer[57413] received request: POST /api/v1/namespaces/test/events HTTP/1.1 and responded: HTTP/1.1 201 Created
7月 28, 2026 1:09:32 上午 io.fabric8.mockwebserver.MockWebServer info
信息: MockWebServer[57413] received request: POST /api/v1/namespaces/test/events HTTP/1.1 and responded: HTTP/1.1 201 Created
7月 28, 2026 1:09:32 上午 io.fabric8.mockwebserver.MockWebServer info
信息: MockWebServer[57413] received request: POST /api/v1/namespaces/test/events HTTP/1.1 and responded: HTTP/1.1 201 Created
7月 28, 2026 1:09:32 上午 io.fabric8.mockwebserver.MockWebServer info
信息: MockWebServer[57413] received request: POST /api/v1/namespaces/test/events HTTP/1.1 and responded: HTTP/1.1 201 Created
7月 28, 2026 1:09:32 上午 io.fabric8.mockwebserver.MockWebServer info
信息: MockWebServer[57413] received request: POST /api/v1/namespaces/test/events HTTP/1.1 and responded: HTTP/1.1 201 Created
7月 28, 2026 1:09:32 上午 io.fabric8.mockwebserver.MockWebServer info
信息: MockWebServer[57413] received request: POST /api/v1/namespaces/test/events HTTP/1.1 and responded: HTTP/1.1 201 Created
7月 28, 2026 1:09:32 上午 io.fabric8.mockwebserver.MockWebServer info
信息: MockWebServer[57413] received request: POST /api/v1/namespaces/test/events HTTP/1.1 and responded: HTTP/1.1 201 Created
7月 28, 2026 1:09:32 上午 io.fabric8.mockwebserver.MockWebServer info
信息: MockWebServer[57413] received request: POST /api/v1/namespaces/test/events HTTP/1.1 and responded: HTTP/1.1 201 Created
7月 28, 2026 1:09:32 上午 io.fabric8.mockwebserver.MockWebServer info
信息: MockWebServer[57413] received request: POST /api/v1/namespaces/test/events HTTP/1.1 and responded: HTTP/1.1 201 Created
7月 28, 2026 1:09:32 上午 io.fabric8.mockwebserver.MockWebServer info
信息: MockWebServer[57413] received request: POST /api/v1/namespaces/test/events HTTP/1.1 and responded: HTTP/1.1 201 Created
7月 28, 2026 1:09:32 上午 io.fabric8.mockwebserver.MockWebServer info
信息: MockWebServer[57413] received request: POST /api/v1/namespaces/test/events HTTP/1.1 and responded: HTTP/1.1 201 Created
7月 28, 2026 1:09:32 上午 io.fabric8.mockwebserver.MockWebServer info
信息: MockWebServer[57413] received request: POST /api/v1/namespaces/test/events HTTP/1.1 and responded: HTTP/1.1 201 Created
7月 28, 2026 1:09:32 上午 io.fabric8.mockwebserver.MockWebServer info
信息: MockWebServer[57413] received request: POST /api/v1/namespaces/test/events HTTP/1.1 and responded: HTTP/1.1 201 Created
7月 28, 2026 1:09:32 上午 io.fabric8.mockwebserver.MockWebServer info
信息: MockWebServer[57413] received request: POST /api/v1/namespaces/test/events HTTP/1.1 and responded: HTTP/1.1 201 Created
7月 28, 2026 1:09:32 上午 io.fabric8.mockwebserver.MockWebServer info
信息: MockWebServer[57413] received request: POST /api/v1/namespaces/test/events HTTP/1.1 and responded: HTTP/1.1 201 Created
7月 28, 2026 1:09:32 上午 io.fabric8.mockwebserver.MockWebServer info
信息: MockWebServer[57413] received request: POST /api/v1/namespaces/test/events HTTP/1.1 and responded: HTTP/1.1 201 Created
7月 28, 2026 1:09:32 上午 io.fabric8.mockwebserver.MockWebServer info
信息: MockWebServer[57413] received request: POST /api/v1/namespaces/test/events HTTP/1.1 and responded: HTTP/1.1 201 Created
7月 28, 2026 1:09:32 上午 io.fabric8.mockwebserver.MockWebServer info
信息: MockWebServer[57413] received request: POST /api/v1/namespaces/test/events HTTP/1.1 and responded: HTTP/1.1 201 Created
7月 28, 2026 1:09:32 上午 io.fabric8.mockwebserver.MockWebServer info
信息: MockWebServer[57413] received request: POST /api/v1/namespaces/test/events HTTP/1.1 and responded: HTTP/1.1 201 Created
7月 28, 2026 1:09:32 上午 io.fabric8.mockwebserver.MockWebServer info
信息: MockWebServer[57413] received request: POST /api/v1/namespaces/test/events HTTP/1.1 and responded: HTTP/1.1 201 Created
7月 28, 2026 1:09:32 上午 io.fabric8.mockwebserver.MockWebServer info
信息: MockWebServer[57413] received request: POST /api/v1/namespaces/test/events HTTP/1.1 and responded: HTTP/1.1 201 Created
7月 28, 2026 1:09:32 上午 io.fabric8.mockwebserver.MockWebServer info
信息: MockWebServer[57413] received request: POST /api/v1/namespaces/test/events HTTP/1.1 and responded: HTTP/1.1 201 Created
7月 28, 2026 1:09:32 上午 io.fabric8.mockwebserver.MockWebServer info
信息: MockWebServer[57413] received request: POST /api/v1/namespaces/test/events HTTP/1.1 and responded: HTTP/1.1 201 Created
7月 28, 2026 1:09:32 上午 io.fabric8.mockwebserver.MockWebServer info
信息: MockWebServer[57413] received request: POST /api/v1/namespaces/test/events HTTP/1.1 and responded: HTTP/1.1 201 Created
7月 28, 2026 1:09:32 上午 io.fabric8.mockwebserver.MockWebServer info
信息: MockWebServer[57413] received request: POST /api/v1/namespaces/test/events HTTP/1.1 and responded: HTTP/1.1 201 Created
7月 28, 2026 1:09:32 上午 io.fabric8.mockwebserver.MockWebServer info
信息: MockWebServer[57413] received request: POST /api/v1/namespaces/test/events HTTP/1.1 and responded: HTTP/1.1 201 Created
7月 28, 2026 1:09:32 上午 io.fabric8.mockwebserver.MockWebServer info
信息: MockWebServer[57413] received request: POST /api/v1/namespaces/test/events HTTP/1.1 and responded: HTTP/1.1 201 Created
7月 28, 2026 1:09:32 上午 io.fabric8.mockwebserver.MockWebServer info
信息: MockWebServer[57413] received request: POST /api/v1/namespaces/test/events HTTP/1.1 and responded: HTTP/1.1 201 Created
7月 28, 2026 1:09:32 上午 io.fabric8.mockwebserver.MockWebServer info
信息: MockWebServer[57413] received request: POST /api/v1/namespaces/test/events HTTP/1.1 and responded: HTTP/1.1 201 Created
7月 28, 2026 1:09:32 上午 io.fabric8.mockwebserver.MockWebServer info
信息: MockWebServer[57413] received request: POST /api/v1/namespaces/test/events HTTP/1.1 and responded: HTTP/1.1 201 Created
7月 28, 2026 1:09:32 上午 io.fabric8.mockwebserver.MockWebServer info
信息: MockWebServer[57413] received request: POST /api/v1/namespaces/test/events HTTP/1.1 and responded: HTTP/1.1 201 Created
7月 28, 2026 1:09:32 上午 io.fabric8.mockwebserver.MockWebServer info
信息: MockWebServer[57413] received request: POST /api/v1/namespaces/test/events HTTP/1.1 and responded: HTTP/1.1 201 Created
7月 28, 2026 1:09:32 上午 io.fabric8.mockwebserver.MockWebServer info
信息: MockWebServer[57413] received request: POST /api/v1/namespaces/test/events HTTP/1.1 and responded: HTTP/1.1 201 Created
7月 28, 2026 1:09:32 上午 io.fabric8.mockwebserver.MockWebServer info
信息: MockWebServer[57413] received request: POST /api/v1/namespaces/test/events HTTP/1.1 and responded: HTTP/1.1 201 Created
7月 28, 2026 1:09:32 上午 io.fabric8.mockwebserver.MockWebServer info
信息: MockWebServer[57413] received request: POST /api/v1/namespaces/test/events HTTP/1.1 and responded: HTTP/1.1 201 Created
7月 28, 2026 1:09:32 上午 io.fabric8.mockwebserver.MockWebServer info
信息: MockWebServer[57413] received request: POST /api/v1/namespaces/test/events HTTP/1.1 and responded: HTTP/1.1 201 Created
7月 28, 2026 1:09:32 上午 io.fabric8.mockwebserver.MockWebServer info
信息: MockWebServer[57413] received request: POST /api/v1/namespaces/test/events HTTP/1.1 and responded: HTTP/1.1 201 Created
7月 28, 2026 1:09:32 上午 io.fabric8.mockwebserver.MockWebServer info
信息: MockWebServer[57413] received request: POST /api/v1/namespaces/test/events HTTP/1.1 and responded: HTTP/1.1 201 Created
7月 28, 2026 1:09:32 上午 io.fabric8.mockwebserver.MockWebServer info
信息: MockWebServer[57413] received request: POST /api/v1/namespaces/test/events HTTP/1.1 and responded: HTTP/1.1 201 Created
7月 28, 2026 1:09:32 上午 io.fabric8.mockwebserver.MockWebServer info
信息: MockWebServer[57413] received request: POST /api/v1/namespaces/test/events HTTP/1.1 and responded: HTTP/1.1 201 Created
7月 28, 2026 1:09:32 上午 io.fabric8.mockwebserver.MockWebServer info
信息: MockWebServer[57413] received request: POST /api/v1/namespaces/test/events HTTP/1.1 and responded: HTTP/1.1 201 Created
7月 28, 2026 1:09:32 上午 io.fabric8.mockwebserver.MockWebServer info
信息: MockWebServer[57413] received request: POST /api/v1/namespaces/test/events HTTP/1.1 and responded: HTTP/1.1 201 Created
7月 28, 2026 1:09:32 上午 io.fabric8.mockwebserver.MockWebServer info
信息: MockWebServer[57413] received request: POST /api/v1/namespaces/test/events HTTP/1.1 and responded: HTTP/1.1 201 Created
7月 28, 2026 1:09:32 上午 io.fabric8.mockwebserver.MockWebServer info
信息: MockWebServer[57413] received request: POST /api/v1/namespaces/test/events HTTP/1.1 and responded: HTTP/1.1 201 Created
7月 28, 2026 1:09:32 上午 io.fabric8.mockwebserver.MockWebServer info
信息: MockWebServer[57413] received request: POST /api/v1/namespaces/test/events HTTP/1.1 and responded: HTTP/1.1 201 Created
7月 28, 2026 1:09:32 上午 io.fabric8.mockwebserver.MockWebServer info
信息: MockWebServer[57413] received request: POST /api/v1/namespaces/test/events HTTP/1.1 and responded: HTTP/1.1 201 Created
7月 28, 2026 1:09:32 上午 io.fabric8.mockwebserver.MockWebServer info
信息: MockWebServer[57413] received request: POST /api/v1/namespaces/test/events HTTP/1.1 and responded: HTTP/1.1 201 Created
7月 28, 2026 1:09:32 上午 io.fabric8.mockwebserver.MockWebServer info
信息: MockWebServer[57413] received request: POST /api/v1/namespaces/test/events HTTP/1.1 and responded: HTTP/1.1 201 Created
7月 28, 2026 1:09:32 上午 io.fabric8.mockwebserver.MockWebServer info
信息: MockWebServer[57413] received request: POST /api/v1/namespaces/test/events HTTP/1.1 and responded: HTTP/1.1 201 Created
7月 28, 2026 1:09:32 上午 io.fabric8.mockwebserver.MockWebServer info
信息: MockWebServer[57413] received request: POST /api/v1/namespaces/test/events HTTP/1.1 and responded: HTTP/1.1 201 Created
7月 28, 2026 1:09:32 上午 io.fabric8.mockwebserver.MockWebServer info
信息: MockWebServer[57413] received request: POST /api/v1/namespaces/test/events HTTP/1.1 and responded: HTTP/1.1 201 Created
7月 28, 2026 1:09:32 上午 io.fabric8.mockwebserver.MockWebServer info
信息: MockWebServer[57413] received request: POST /api/v1/namespaces/test/events HTTP/1.1 and responded: HTTP/1.1 201 Created
7月 28, 2026 1:09:32 上午 io.fabric8.mockwebserver.MockWebServer info
信息: MockWebServer[57413] received request: POST /api/v1/namespaces/test/events HTTP/1.1 and responded: HTTP/1.1 201 Created
7月 28, 2026 1:09:32 上午 io.fabric8.mockwebserver.MockWebServer info
信息: MockWebServer[57413] received request: POST /api/v1/namespaces/test/events HTTP/1.1 and responded: HTTP/1.1 201 Created
7月 28, 2026 1:09:32 上午 io.fabric8.mockwebserver.MockWebServer info
信息: MockWebServer[57413] received request: POST /api/v1/namespaces/test/events HTTP/1.1 and responded: HTTP/1.1 201 Created
7月 28, 2026 1:09:32 上午 io.fabric8.mockwebserver.MockWebServer info
信息: MockWebServer[57413] received request: POST /api/v1/namespaces/test/events HTTP/1.1 and responded: HTTP/1.1 201 Created
7月 28, 2026 1:09:32 上午 io.fabric8.mockwebserver.MockWebServer info
信息: MockWebServer[57413] received request: POST /api/v1/namespaces/test/events HTTP/1.1 and responded: HTTP/1.1 201 Created
7月 28, 2026 1:09:32 上午 io.fabric8.mockwebserver.MockWebServer info
信息: MockWebServer[57413] received request: POST /api/v1/namespaces/test/events HTTP/1.1 and responded: HTTP/1.1 201 Created
7月 28, 2026 1:09:32 上午 io.fabric8.mockwebserver.MockWebServer info
信息: MockWebServer[57413] received request: POST /api/v1/namespaces/test/events HTTP/1.1 and responded: HTTP/1.1 201 Created
7月 28, 2026 1:09:32 上午 io.fabric8.mockwebserver.MockWebServer info
信息: MockWebServer[57413] received request: POST /api/v1/namespaces/test/events HTTP/1.1 and responded: HTTP/1.1 201 Created
7月 28, 2026 1:09:32 上午 io.fabric8.mockwebserver.MockWebServer info
信息: MockWebServer[57413] received request: POST /api/v1/namespaces/test/events HTTP/1.1 and responded: HTTP/1.1 201 Created
7月 28, 2026 1:09:32 上午 io.fabric8.mockwebserver.MockWebServer info
信息: MockWebServer[57413] received request: POST /api/v1/namespaces/test/events HTTP/1.1 and responded: HTTP/1.1 201 Created
7月 28, 2026 1:09:32 上午 io.fabric8.mockwebserver.MockWebServer info
信息: MockWebServer[57413] received request: POST /api/v1/namespaces/test/events HTTP/1.1 and responded: HTTP/1.1 201 Created
7月 28, 2026 1:09:32 上午 io.fabric8.mockwebserver.MockWebServer info
信息: MockWebServer[57413] received request: POST /api/v1/namespaces/test/events HTTP/1.1 and responded: HTTP/1.1 201 Created
7月 28, 2026 1:09:32 上午 io.fabric8.mockwebserver.MockWebServer info
信息: MockWebServer[57413] received request: POST /api/v1/namespaces/test/events HTTP/1.1 and responded: HTTP/1.1 201 Created
7月 28, 2026 1:09:32 上午 io.fabric8.mockwebserver.MockWebServer info
信息: MockWebServer[57413] received request: POST /api/v1/namespaces/test/events HTTP/1.1 and responded: HTTP/1.1 201 Created
7月 28, 2026 1:09:32 上午 io.fabric8.mockwebserver.MockWebServer info
信息: MockWebServer[57413] received request: POST /api/v1/namespaces/test/events HTTP/1.1 and responded: HTTP/1.1 201 Created
7月 28, 2026 1:09:32 上午 io.fabric8.mockwebserver.MockWebServer info
信息: MockWebServer[57413] received request: POST /api/v1/namespaces/test/events HTTP/1.1 and responded: HTTP/1.1 201 Created
7月 28, 2026 1:09:32 上午 io.fabric8.mockwebserver.MockWebServer info
信息: MockWebServer[57413] received request: POST /api/v1/namespaces/test/events HTTP/1.1 and responded: HTTP/1.1 201 Created
7月 28, 2026 1:09:32 上午 io.fabric8.mockwebserver.MockWebServer info
信息: MockWebServer[57413] received request: POST /api/v1/namespaces/test/events HTTP/1.1 and responded: HTTP/1.1 201 Created
7月 28, 2026 1:09:32 上午 io.fabric8.mockwebserver.MockWebServer info
信息: MockWebServer[57413] received request: POST /api/v1/namespaces/test/events HTTP/1.1 and responded: HTTP/1.1 201 Created
7月 28, 2026 1:09:32 上午 io.fabric8.mockwebserver.MockWebServer info
信息: MockWebServer[57413] received request: POST /api/v1/namespaces/test/events HTTP/1.1 and responded: HTTP/1.1 201 Created
7月 28, 2026 1:09:32 上午 io.fabric8.mockwebserver.MockWebServer info
信息: MockWebServer[57413] received request: POST /api/v1/namespaces/test/events HTTP/1.1 and responded: HTTP/1.1 201 Created
7月 28, 2026 1:09:32 上午 io.fabric8.mockwebserver.MockWebServer info
信息: MockWebServer[57413] received request: POST /api/v1/namespaces/test/events HTTP/1.1 and responded: HTTP/1.1 201 Created
7月 28, 2026 1:09:32 上午 io.fabric8.mockwebserver.MockWebServer info
信息: MockWebServer[57413] received request: POST /api/v1/namespaces/test/events HTTP/1.1 and responded: HTTP/1.1 201 Created
7月 28, 2026 1:09:32 上午 io.fabric8.mockwebserver.MockWebServer info
信息: MockWebServer[57413] received request: POST /api/v1/namespaces/test/events HTTP/1.1 and responded: HTTP/1.1 201 Created
7月 28, 2026 1:09:32 上午 io.fabric8.mockwebserver.MockWebServer info
信息: MockWebServer[57413] received request: POST /api/v1/namespaces/test/events HTTP/1.1 and responded: HTTP/1.1 201 Created
7月 28, 2026 1:09:32 上午 io.fabric8.mockwebserver.MockWebServer info
信息: MockWebServer[57413] received request: POST /api/v1/namespaces/test/events HTTP/1.1 and responded: HTTP/1.1 201 Created
7月 28, 2026 1:09:32 上午 io.fabric8.mockwebserver.MockWebServer info
信息: MockWebServer[57413] received request: POST /api/v1/namespaces/test/events HTTP/1.1 and responded: HTTP/1.1 201 Created
7月 28, 2026 1:09:32 上午 io.fabric8.mockwebserver.MockWebServer info
信息: MockWebServer[57413] received request: POST /api/v1/namespaces/test/events HTTP/1.1 and responded: HTTP/1.1 201 Created
7月 28, 2026 1:09:32 上午 io.fabric8.mockwebserver.MockWebServer info
信息: MockWebServer[57413] received request: POST /api/v1/namespaces/test/events HTTP/1.1 and responded: HTTP/1.1 201 Created
7月 28, 2026 1:09:32 上午 io.fabric8.mockwebserver.MockWebServer info
信息: MockWebServer[57413] received request: POST /api/v1/namespaces/test/events HTTP/1.1 and responded: HTTP/1.1 201 Created
7月 28, 2026 1:09:32 上午 io.fabric8.mockwebserver.MockWebServer info
信息: MockWebServer[57413] received request: POST /api/v1/namespaces/test/events HTTP/1.1 and responded: HTTP/1.1 201 Created
7月 28, 2026 1:09:32 上午 io.fabric8.mockwebserver.MockWebServer info
信息: MockWebServer[57413] received request: POST /api/v1/namespaces/test/events HTTP/1.1 and responded: HTTP/1.1 201 Created
7月 28, 2026 1:09:32 上午 io.fabric8.mockwebserver.MockWebServer info
信息: MockWebServer[57413] received request: POST /api/v1/namespaces/test/events HTTP/1.1 and responded: HTTP/1.1 201 Created
7月 28, 2026 1:09:32 上午 io.fabric8.mockwebserver.MockWebServer info
信息: MockWebServer[57413] received request: POST /api/v1/namespaces/test/events HTTP/1.1 and responded: HTTP/1.1 201 Created
7月 28, 2026 1:09:32 上午 io.fabric8.mockwebserver.MockWebServer info
信息: MockWebServer[57413] received request: POST /api/v1/namespaces/test/events HTTP/1.1 and responded: HTTP/1.1 201 Created
7月 28, 2026 1:09:32 上午 io.fabric8.mockwebserver.MockWebServer info
信息: MockWebServer[57413] received request: POST /api/v1/namespaces/test/events HTTP/1.1 and responded: HTTP/1.1 201 Created
7月 28, 2026 1:09:32 上午 io.fabric8.mockwebserver.MockWebServer info
信息: MockWebServer[57413] received request: POST /api/v1/namespaces/test/events HTTP/1.1 and responded: HTTP/1.1 201 Created
7月 28, 2026 1:09:32 上午 io.fabric8.mockwebserver.MockWebServer info
信息: MockWebServer[57413] received request: POST /api/v1/namespaces/test/events HTTP/1.1 and responded: HTTP/1.1 201 Created
7月 28, 2026 1:09:32 上午 io.fabric8.mockwebserver.MockWebServer info
信息: MockWebServer[57413] received request: POST /api/v1/namespaces/test/events HTTP/1.1 and responded: HTTP/1.1 201 Created
7月 28, 2026 1:09:32 上午 io.fabric8.mockwebserver.MockWebServer info
信息: MockWebServer[57413] received request: POST /api/v1/namespaces/test/events HTTP/1.1 and responded: HTTP/1.1 201 Created
7月 28, 2026 1:09:32 上午 io.fabric8.mockwebserver.MockWebServer info
信息: MockWebServer[57413] received request: POST /api/v1/namespaces/test/events HTTP/1.1 and responded: HTTP/1.1 201 Created
7月 28, 2026 1:09:32 上午 io.fabric8.mockwebserver.MockWebServer info
信息: MockWebServer[57413] received request: POST /api/v1/namespaces/test/events HTTP/1.1 and responded: HTTP/1.1 201 Created
7月 28, 2026 1:09:32 上午 io.fabric8.mockwebserver.MockWebServer info
信息: MockWebServer[57413] received request: POST /api/v1/namespaces/test/events HTTP/1.1 and responded: HTTP/1.1 201 Created
7月 28, 2026 1:09:32 上午 io.fabric8.mockwebserver.MockWebServer info
信息: MockWebServer[57413] received request: POST /api/v1/namespaces/test/events HTTP/1.1 and responded: HTTP/1.1 201 Created
7月 28, 2026 1:09:32 上午 io.fabric8.mockwebserver.MockWebServer info
信息: MockWebServer[57413] received request: POST /api/v1/namespaces/test/events HTTP/1.1 and responded: HTTP/1.1 201 Created
7月 28, 2026 1:09:32 上午 io.fabric8.mockwebserver.MockWebServer info
信息: MockWebServer[57413] received request: POST /api/v1/namespaces/test/events HTTP/1.1 and responded: HTTP/1.1 201 Created
7月 28, 2026 1:09:32 上午 io.fabric8.mockwebserver.MockWebServer info
信息: MockWebServer[57413] received request: POST /api/v1/namespaces/test/events HTTP/1.1 and responded: HTTP/1.1 201 Created
7月 28, 2026 1:09:32 上午 io.fabric8.mockwebserver.MockWebServer info
信息: MockWebServer[57413] received request: POST /api/v1/namespaces/test/events HTTP/1.1 and responded: HTTP/1.1 201 Created
7月 28, 2026 1:09:32 上午 io.fabric8.mockwebserver.MockWebServer info
信息: MockWebServer[57413] received request: POST /api/v1/namespaces/test/events HTTP/1.1 and responded: HTTP/1.1 201 Created
7月 28, 2026 1:09:32 上午 io.fabric8.mockwebserver.MockWebServer info
信息: MockWebServer[57413] received request: POST /api/v1/namespaces/test/events HTTP/1.1 and responded: HTTP/1.1 201 Created
7月 28, 2026 1:09:32 上午 io.fabric8.mockwebserver.MockWebServer info
信息: MockWebServer[57413] received request: POST /api/v1/namespaces/test/events HTTP/1.1 and responded: HTTP/1.1 201 Created
7月 28, 2026 1:09:32 上午 io.fabric8.mockwebserver.MockWebServer info
信息: MockWebServer[57413] received request: POST /api/v1/namespaces/test/events HTTP/1.1 and responded: HTTP/1.1 201 Created
7月 28, 2026 1:09:32 上午 io.fabric8.mockwebserver.MockWebServer info
信息: MockWebServer[57413] received request: POST /api/v1/namespaces/test/events HTTP/1.1 and responded: HTTP/1.1 201 Created
7月 28, 2026 1:09:32 上午 io.fabric8.mockwebserver.MockWebServer info
信息: MockWebServer[57413] received request: POST /api/v1/namespaces/test/events HTTP/1.1 and responded: HTTP/1.1 201 Created
7月 28, 2026 1:09:32 上午 io.fabric8.mockwebserver.MockWebServer info
信息: MockWebServer[57413] received request: POST /api/v1/namespaces/test/events HTTP/1.1 and responded: HTTP/1.1 201 Created
7月 28, 2026 1:09:32 上午 io.fabric8.mockwebserver.MockWebServer info
信息: MockWebServer[57413] received request: POST /api/v1/namespaces/test/events HTTP/1.1 and responded: HTTP/1.1 201 Created
7月 28, 2026 1:09:32 上午 io.fabric8.mockwebserver.MockWebServer info
信息: MockWebServer[57413] received request: POST /api/v1/namespaces/test/events HTTP/1.1 and responded: HTTP/1.1 201 Created
7月 28, 2026 1:09:32 上午 io.fabric8.mockwebserver.MockWebServer info
信息: MockWebServer[57413] received request: POST /api/v1/namespaces/test/events HTTP/1.1 and responded: HTTP/1.1 201 Created
7月 28, 2026 1:09:32 上午 io.fabric8.mockwebserver.MockWebServer info
信息: MockWebServer[57413] received request: POST /api/v1/namespaces/test/events HTTP/1.1 and responded: HTTP/1.1 201 Created
7月 28, 2026 1:09:32 上午 io.fabric8.mockwebserver.MockWebServer info
信息: MockWebServer[57413] received request: POST /api/v1/namespaces/test/events HTTP/1.1 and responded: HTTP/1.1 201 Created
7月 28, 2026 1:09:32 上午 io.fabric8.mockwebserver.MockWebServer info
信息: MockWebServer[57413] received request: POST /api/v1/namespaces/test/events HTTP/1.1 and responded: HTTP/1.1 201 Created
7月 28, 2026 1:09:32 上午 io.fabric8.mockwebserver.MockWebServer info
信息: MockWebServer[57413] received request: POST /api/v1/namespaces/test/events HTTP/1.1 and responded: HTTP/1.1 201 Created
7月 28, 2026 1:09:32 上午 io.fabric8.mockwebserver.MockWebServer info
信息: MockWebServer[57413] received request: POST /api/v1/namespaces/test/events HTTP/1.1 and responded: HTTP/1.1 201 Created
7月 28, 2026 1:09:32 上午 io.fabric8.mockwebserver.MockWebServer info
信息: MockWebServer[57413] received request: POST /api/v1/namespaces/test/events HTTP/1.1 and responded: HTTP/1.1 201 Created
7月 28, 2026 1:09:32 上午 io.fabric8.mockwebserver.MockWebServer info
信息: MockWebServer[57413] received request: POST /api/v1/namespaces/test/events HTTP/1.1 and responded: HTTP/1.1 201 Created
7月 28, 2026 1:09:32 上午 io.fabric8.mockwebserver.MockWebServer info
信息: MockWebServer[57413] received request: POST /api/v1/namespaces/test/events HTTP/1.1 and responded: HTTP/1.1 201 Created
7月 28, 2026 1:09:32 上午 io.fabric8.mockwebserver.MockWebServer info
信息: MockWebServer[57413] received request: POST /api/v1/namespaces/test/events HTTP/1.1 and responded: HTTP/1.1 201 Created
7月 28, 2026 1:09:32 上午 io.fabric8.mockwebserver.MockWebServer info
信息: MockWebServer[57413] received request: POST /api/v1/namespaces/test/events HTTP/1.1 and responded: HTTP/1.1 201 Created
7月 28, 2026 1:09:32 上午 io.fabric8.mockwebserver.MockWebServer info
信息: MockWebServer[57413] received request: POST /api/v1/namespaces/test/events HTTP/1.1 and responded: HTTP/1.1 201 Created
7月 28, 2026 1:09:32 上午 io.fabric8.mockwebserver.MockWebServer info
信息: MockWebServer[57413] received request: POST /api/v1/namespaces/test/events HTTP/1.1 and responded: HTTP/1.1 201 Created
7月 28, 2026 1:09:32 上午 io.fabric8.mockwebserver.MockWebServer info
信息: MockWebServer[57413] received request: POST /api/v1/namespaces/test/events HTTP/1.1 and responded: HTTP/1.1 201 Created
7月 28, 2026 1:09:32 上午 io.fabric8.mockwebserver.MockWebServer info
信息: MockWebServer[57413] received request: POST /api/v1/namespaces/test/events HTTP/1.1 and responded: HTTP/1.1 201 Created
7月 28, 2026 1:09:32 上午 io.fabric8.mockwebserver.MockWebServer info
信息: MockWebServer[57413] received request: POST /api/v1/namespaces/test/events HTTP/1.1 and responded: HTTP/1.1 201 Created
7月 28, 2026 1:09:32 上午 io.fabric8.mockwebserver.MockWebServer info
信息: MockWebServer[57413] received request: POST /api/v1/namespaces/test/events HTTP/1.1 and responded: HTTP/1.1 201 Created
7月 28, 2026 1:09:32 上午 io.fabric8.mockwebserver.MockWebServer info
信息: MockWebServer[57413] received request: POST /api/v1/namespaces/test/events HTTP/1.1 and responded: HTTP/1.1 201 Created
7月 28, 2026 1:09:32 上午 io.fabric8.mockwebserver.MockWebServer info
信息: MockWebServer[57413] received request: POST /api/v1/namespaces/test/events HTTP/1.1 and responded: HTTP/1.1 201 Created
7月 28, 2026 1:09:32 上午 io.fabric8.mockwebserver.MockWebServer info
信息: MockWebServer[57413] received request: POST /api/v1/namespaces/test/events HTTP/1.1 and responded: HTTP/1.1 201 Created
7月 28, 2026 1:09:32 上午 io.fabric8.mockwebserver.MockWebServer info
信息: MockWebServer[57413] received request: POST /api/v1/namespaces/test/events HTTP/1.1 and responded: HTTP/1.1 201 Created
7月 28, 2026 1:09:32 上午 io.fabric8.mockwebserver.MockWebServer info
信息: MockWebServer[57413] received request: POST /api/v1/namespaces/test/events HTTP/1.1 and responded: HTTP/1.1 201 Created
7月 28, 2026 1:09:32 上午 io.fabric8.mockwebserver.MockWebServer info
信息: MockWebServer[57413] received request: POST /api/v1/namespaces/test/events HTTP/1.1 and responded: HTTP/1.1 201 Created
7月 28, 2026 1:09:32 上午 io.fabric8.mockwebserver.MockWebServer info
信息: MockWebServer[57413] received request: POST /api/v1/namespaces/test/events HTTP/1.1 and responded: HTTP/1.1 201 Created
7月 28, 2026 1:09:32 上午 io.fabric8.mockwebserver.MockWebServer info
信息: MockWebServer[57413] received request: POST /api/v1/namespaces/test/events HTTP/1.1 and responded: HTTP/1.1 201 Created
7月 28, 2026 1:09:32 上午 io.fabric8.mockwebserver.MockWebServer info
信息: MockWebServer[57413] received request: POST /api/v1/namespaces/test/events HTTP/1.1 and responded: HTTP/1.1 201 Created
7月 28, 2026 1:09:32 上午 io.fabric8.mockwebserver.MockWebServer info
信息: MockWebServer[57413] received request: POST /api/v1/namespaces/test/events HTTP/1.1 and responded: HTTP/1.1 201 Created
7月 28, 2026 1:09:32 上午 io.fabric8.mockwebserver.MockWebServer info
信息: MockWebServer[57413] received request: POST /api/v1/namespaces/test/events HTTP/1.1 and responded: HTTP/1.1 201 Created
7月 28, 2026 1:09:32 上午 io.fabric8.mockwebserver.MockWebServer info
信息: MockWebServer[57413] received request: POST /api/v1/namespaces/test/events HTTP/1.1 and responded: HTTP/1.1 201 Created
7月 28, 2026 1:09:32 上午 io.fabric8.mockwebserver.MockWebServer info
信息: MockWebServer[57413] received request: POST /api/v1/namespaces/test/events HTTP/1.1 and responded: HTTP/1.1 201 Created
7月 28, 2026 1:09:32 上午 io.fabric8.mockwebserver.MockWebServer info
信息: MockWebServer[57413] received request: POST /api/v1/namespaces/test/events HTTP/1.1 and responded: HTTP/1.1 201 Created
7月 28, 2026 1:09:32 上午 io.fabric8.mockwebserver.MockWebServer info
信息: MockWebServer[57413] received request: POST /api/v1/namespaces/test/events HTTP/1.1 and responded: HTTP/1.1 201 Created
7月 28, 2026 1:09:32 上午 io.fabric8.mockwebserver.MockWebServer info
信息: MockWebServer[57413] received request: POST /api/v1/namespaces/test/events HTTP/1.1 and responded: HTTP/1.1 201 Created
7月 28, 2026 1:09:32 上午 io.fabric8.mockwebserver.MockWebServer info
信息: MockWebServer[57413] received request: POST /api/v1/namespaces/test/events HTTP/1.1 and responded: HTTP/1.1 201 Created
7月 28, 2026 1:09:32 上午 io.fabric8.mockwebserver.MockWebServer info
信息: MockWebServer[57413] received request: POST /api/v1/namespaces/test/events HTTP/1.1 and responded: HTTP/1.1 201 Created
7月 28, 2026 1:09:32 上午 io.fabric8.mockwebserver.MockWebServer info
信息: MockWebServer[57413] received request: POST /api/v1/namespaces/test/events HTTP/1.1 and responded: HTTP/1.1 201 Created
7月 28, 2026 1:09:32 上午 io.fabric8.mockwebserver.MockWebServer info
信息: MockWebServer[57413] received request: POST /api/v1/namespaces/test/events HTTP/1.1 and responded: HTTP/1.1 201 Created
7月 28, 2026 1:09:32 上午 io.fabric8.mockwebserver.MockWebServer info
信息: MockWebServer[57413] received request: POST /api/v1/namespaces/test/events HTTP/1.1 and responded: HTTP/1.1 201 Created
7月 28, 2026 1:09:32 上午 io.fabric8.mockwebserver.MockWebServer info
信息: MockWebServer[57413] received request: POST /api/v1/namespaces/test/events HTTP/1.1 and responded: HTTP/1.1 201 Created
7月 28, 2026 1:09:32 上午 io.fabric8.mockwebserver.MockWebServer info
信息: MockWebServer[57413] received request: POST /api/v1/namespaces/test/events HTTP/1.1 and responded: HTTP/1.1 201 Created
7月 28, 2026 1:09:32 上午 io.fabric8.mockwebserver.MockWebServer info
信息: MockWebServer[57413] received request: POST /api/v1/namespaces/test/events HTTP/1.1 and responded: HTTP/1.1 201 Created
7月 28, 2026 1:09:32 上午 io.fabric8.mockwebserver.MockWebServer info
信息: MockWebServer[57413] received request: POST /api/v1/namespaces/test/events HTTP/1.1 and responded: HTTP/1.1 201 Created
7月 28, 2026 1:09:32 上午 io.fabric8.mockwebserver.MockWebServer info
信息: MockWebServer[57413] received request: POST /api/v1/namespaces/test/events HTTP/1.1 and responded: HTTP/1.1 201 Created
7月 28, 2026 1:09:32 上午 io.fabric8.mockwebserver.MockWebServer info
信息: MockWebServer[57413] received request: POST /api/v1/namespaces/test/events HTTP/1.1 and responded: HTTP/1.1 201 Created
7月 28, 2026 1:09:32 上午 io.fabric8.mockwebserver.MockWebServer info
信息: MockWebServer[57413] received request: POST /api/v1/namespaces/test/events HTTP/1.1 and responded: HTTP/1.1 201 Created
7月 28, 2026 1:09:32 上午 io.fabric8.mockwebserver.MockWebServer info
信息: MockWebServer[57413] received request: POST /api/v1/namespaces/test/events HTTP/1.1 and responded: HTTP/1.1 201 Created
7月 28, 2026 1:09:32 上午 io.fabric8.mockwebserver.MockWebServer info
信息: MockWebServer[57413] received request: POST /api/v1/namespaces/test/events HTTP/1.1 and responded: HTTP/1.1 201 Created
7月 28, 2026 1:09:32 上午 io.fabric8.mockwebserver.MockWebServer info
信息: MockWebServer[57413] received request: POST /api/v1/namespaces/test/events HTTP/1.1 and responded: HTTP/1.1 201 Created
7月 28, 2026 1:09:32 上午 io.fabric8.mockwebserver.MockWebServer info
信息: MockWebServer[57413] received request: POST /api/v1/namespaces/test/events HTTP/1.1 and responded: HTTP/1.1 201 Created
7月 28, 2026 1:09:32 上午 io.fabric8.mockwebserver.MockWebServer info
信息: MockWebServer[57413] received request: POST /api/v1/namespaces/test/events HTTP/1.1 and responded: HTTP/1.1 201 Created
7月 28, 2026 1:09:32 上午 io.fabric8.mockwebserver.MockWebServer info
信息: MockWebServer[57413] received request: POST /api/v1/namespaces/test/events HTTP/1.1 and responded: HTTP/1.1 201 Created
7月 28, 2026 1:09:32 上午 io.fabric8.mockwebserver.MockWebServer info
信息: MockWebServer[57413] received request: POST /api/v1/namespaces/test/events HTTP/1.1 and responded: HTTP/1.1 201 Created
7月 28, 2026 1:09:32 上午 io.fabric8.mockwebserver.MockWebServer info
信息: MockWebServer[57413] received request: POST /api/v1/namespaces/test/events HTTP/1.1 and responded: HTTP/1.1 201 Created
7月 28, 2026 1:09:32 上午 io.fabric8.mockwebserver.MockWebServer info
信息: MockWebServer[57413] received request: POST /api/v1/namespaces/test/events HTTP/1.1 and responded: HTTP/1.1 201 Created
7月 28, 2026 1:09:32 上午 io.fabric8.mockwebserver.MockWebServer info
信息: MockWebServer[57413] received request: POST /api/v1/namespaces/test/events HTTP/1.1 and responded: HTTP/1.1 201 Created
7月 28, 2026 1:09:32 上午 io.fabric8.mockwebserver.MockWebServer info
信息: MockWebServer[57413] received request: POST /api/v1/namespaces/test/events HTTP/1.1 and responded: HTTP/1.1 201 Created
7月 28, 2026 1:09:32 上午 io.fabric8.mockwebserver.MockWebServer info
信息: MockWebServer[57413] received request: POST /api/v1/namespaces/test/events HTTP/1.1 and responded: HTTP/1.1 201 Created
7月 28, 2026 1:09:32 上午 io.fabric8.mockwebserver.MockWebServer info
信息: MockWebServer[57413] received request: POST /api/v1/namespaces/test/events HTTP/1.1 and responded: HTTP/1.1 201 Created
7月 28, 2026 1:09:32 上午 io.fabric8.mockwebserver.MockWebServer info
信息: MockWebServer[57413] received request: POST /api/v1/namespaces/test/events HTTP/1.1 and responded: HTTP/1.1 201 Created
7月 28, 2026 1:09:32 上午 io.fabric8.mockwebserver.MockWebServer info
信息: MockWebServer[57413] received request: POST /api/v1/namespaces/test/events HTTP/1.1 and responded: HTTP/1.1 201 Created
7月 28, 2026 1:09:32 上午 io.fabric8.mockwebserver.MockWebServer info
信息: MockWebServer[57413] received request: POST /api/v1/namespaces/test/events HTTP/1.1 and responded: HTTP/1.1 201 Created
7月 28, 2026 1:09:32 上午 io.fabric8.mockwebserver.MockWebServer info
信息: MockWebServer[57413] received request: POST /api/v1/namespaces/test/events HTTP/1.1 and responded: HTTP/1.1 201 Created
7月 28, 2026 1:09:32 上午 io.fabric8.mockwebserver.MockWebServer info
信息: MockWebServer[57413] received request: POST /api/v1/namespaces/test/events HTTP/1.1 and responded: HTTP/1.1 201 Created
7月 28, 2026 1:09:32 上午 io.fabric8.mockwebserver.MockWebServer info
信息: MockWebServer[57413] received request: POST /api/v1/namespaces/test/events HTTP/1.1 and responded: HTTP/1.1 201 Created
7月 28, 2026 1:09:32 上午 io.fabric8.mockwebserver.MockWebServer info
信息: MockWebServer[57413] received request: POST /api/v1/namespaces/test/events HTTP/1.1 and responded: HTTP/1.1 201 Created
7月 28, 2026 1:09:32 上午 io.fabric8.mockwebserver.MockWebServer info
信息: MockWebServer[57413] received request: POST /api/v1/namespaces/test/events HTTP/1.1 and responded: HTTP/1.1 201 Created
7月 28, 2026 1:09:32 上午 io.fabric8.mockwebserver.MockWebServer info
信息: MockWebServer[57413] received request: POST /api/v1/namespaces/test/events HTTP/1.1 and responded: HTTP/1.1 201 Created
7月 28, 2026 1:09:32 上午 io.fabric8.mockwebserver.MockWebServer info
信息: MockWebServer[57413] received request: POST /api/v1/namespaces/test/events HTTP/1.1 and responded: HTTP/1.1 201 Created
7月 28, 2026 1:09:32 上午 io.fabric8.mockwebserver.MockWebServer info
信息: MockWebServer[57413] received request: POST /api/v1/namespaces/test/events HTTP/1.1 and responded: HTTP/1.1 201 Created
7月 28, 2026 1:09:32 上午 io.fabric8.mockwebserver.MockWebServer info
信息: MockWebServer[57413] received request: POST /api/v1/namespaces/test/events HTTP/1.1 and responded: HTTP/1.1 201 Created
7月 28, 2026 1:09:32 上午 io.fabric8.mockwebserver.MockWebServer info
信息: MockWebServer[57413] received request: POST /api/v1/namespaces/test/events HTTP/1.1 and responded: HTTP/1.1 201 Created
7月 28, 2026 1:09:32 上午 io.fabric8.mockwebserver.MockWebServer info
信息: MockWebServer[57413] received request: POST /api/v1/namespaces/test/events HTTP/1.1 and responded: HTTP/1.1 201 Created
7月 28, 2026 1:09:32 上午 io.fabric8.mockwebserver.MockWebServer info
信息: MockWebServer[57413] received request: POST /api/v1/namespaces/test/events HTTP/1.1 and responded: HTTP/1.1 201 Created
7月 28, 2026 1:09:32 上午 io.fabric8.mockwebserver.MockWebServer info
信息: MockWebServer[57413] received request: POST /api/v1/namespaces/test/events HTTP/1.1 and responded: HTTP/1.1 201 Created
7月 28, 2026 1:09:32 上午 io.fabric8.mockwebserver.MockWebServer info
信息: MockWebServer[57413] received request: POST /api/v1/namespaces/test/events HTTP/1.1 and responded: HTTP/1.1 201 Created
7月 28, 2026 1:09:32 上午 io.fabric8.mockwebserver.MockWebServer info
信息: MockWebServer[57413] received request: POST /api/v1/namespaces/test/events HTTP/1.1 and responded: HTTP/1.1 201 Created
7月 28, 2026 1:09:32 上午 io.fabric8.mockwebserver.MockWebServer info
信息: MockWebServer[57413] received request: POST /api/v1/namespaces/test/events HTTP/1.1 and responded: HTTP/1.1 201 Created
7月 28, 2026 1:09:32 上午 io.fabric8.mockwebserver.MockWebServer info
信息: MockWebServer[57413] received request: POST /api/v1/namespaces/test/events HTTP/1.1 and responded: HTTP/1.1 201 Created
7月 28, 2026 1:09:32 上午 io.fabric8.mockwebserver.MockWebServer info
信息: MockWebServer[57413] received request: POST /api/v1/namespaces/test/events HTTP/1.1 and responded: HTTP/1.1 201 Created
7月 28, 2026 1:09:32 上午 io.fabric8.mockwebserver.MockWebServer info
信息: MockWebServer[57413] received request: POST /api/v1/namespaces/test/events HTTP/1.1 and responded: HTTP/1.1 201 Created
7月 28, 2026 1:09:32 上午 io.fabric8.mockwebserver.MockWebServer info
信息: MockWebServer[57413] received request: POST /api/v1/namespaces/test/events HTTP/1.1 and responded: HTTP/1.1 201 Created
7月 28, 2026 1:09:32 上午 io.fabric8.mockwebserver.MockWebServer info
信息: MockWebServer[57413] received request: POST /api/v1/namespaces/test/events HTTP/1.1 and responded: HTTP/1.1 201 Created
7月 28, 2026 1:09:32 上午 io.fabric8.mockwebserver.MockWebServer info
信息: MockWebServer[57413] received request: POST /api/v1/namespaces/test/events HTTP/1.1 and responded: HTTP/1.1 201 Created
7月 28, 2026 1:09:32 上午 io.fabric8.mockwebserver.MockWebServer info
信息: MockWebServer[57413] received request: POST /api/v1/namespaces/test/events HTTP/1.1 and responded: HTTP/1.1 201 Created
7月 28, 2026 1:09:32 上午 io.fabric8.mockwebserver.MockWebServer info
信息: MockWebServer[57413] received request: POST /api/v1/namespaces/test/events HTTP/1.1 and responded: HTTP/1.1 201 Created
7月 28, 2026 1:09:32 上午 io.fabric8.mockwebserver.MockWebServer info
信息: MockWebServer[57413] received request: POST /api/v1/namespaces/test/events HTTP/1.1 and responded: HTTP/1.1 201 Created
7月 28, 2026 1:09:32 上午 io.fabric8.mockwebserver.MockWebServer info
信息: MockWebServer[57413] received request: POST /api/v1/namespaces/test/events HTTP/1.1 and responded: HTTP/1.1 201 Created
7月 28, 2026 1:09:32 上午 io.fabric8.mockwebserver.MockWebServer info
信息: MockWebServer[57413] received request: POST /api/v1/namespaces/test/events HTTP/1.1 and responded: HTTP/1.1 201 Created
7月 28, 2026 1:09:32 上午 io.fabric8.mockwebserver.MockWebServer info
信息: MockWebServer[57413] received request: POST /api/v1/namespaces/test/events HTTP/1.1 and responded: HTTP/1.1 201 Created
7月 28, 2026 1:09:32 上午 io.fabric8.mockwebserver.MockWebServer info
信息: MockWebServer[57413] received request: POST /api/v1/namespaces/test/events HTTP/1.1 and responded: HTTP/1.1 201 Created
7月 28, 2026 1:09:32 上午 io.fabric8.mockwebserver.MockWebServer info
信息: MockWebServer[57413] received request: POST /api/v1/namespaces/test/events HTTP/1.1 and responded: HTTP/1.1 201 Created
7月 28, 2026 1:09:32 上午 io.fabric8.mockwebserver.MockWebServer info
信息: MockWebServer[57413] received request: POST /api/v1/namespaces/test/events HTTP/1.1 and responded: HTTP/1.1 201 Created
7月 28, 2026 1:09:32 上午 io.fabric8.mockwebserver.MockWebServer info
信息: MockWebServer[57413] received request: POST /api/v1/namespaces/test/events HTTP/1.1 and responded: HTTP/1.1 201 Created
7月 28, 2026 1:09:32 上午 io.fabric8.mockwebserver.MockWebServer info
信息: MockWebServer[57413] received request: POST /api/v1/namespaces/test/events HTTP/1.1 and responded: HTTP/1.1 201 Created
7月 28, 2026 1:09:32 上午 io.fabric8.mockwebserver.MockWebServer info
信息: MockWebServer[57413] received request: POST /api/v1/namespaces/test/events HTTP/1.1 and responded: HTTP/1.1 201 Created
7月 28, 2026 1:09:32 上午 io.fabric8.mockwebserver.MockWebServer info
信息: MockWebServer[57413] received request: POST /api/v1/namespaces/test/events HTTP/1.1 and responded: HTTP/1.1 201 Created
7月 28, 2026 1:09:32 上午 io.fabric8.mockwebserver.MockWebServer info
信息: MockWebServer[57413] received request: POST /api/v1/namespaces/test/events HTTP/1.1 and responded: HTTP/1.1 201 Created
7月 28, 2026 1:09:32 上午 io.fabric8.mockwebserver.MockWebServer info
信息: MockWebServer[57413] received request: POST /api/v1/namespaces/test/events HTTP/1.1 and responded: HTTP/1.1 201 Created
7月 28, 2026 1:09:32 上午 io.fabric8.mockwebserver.MockWebServer info
信息: MockWebServer[57413] received request: POST /api/v1/namespaces/test/events HTTP/1.1 and responded: HTTP/1.1 201 Created
7月 28, 2026 1:09:32 上午 io.fabric8.mockwebserver.MockWebServer info
信息: MockWebServer[57413] received request: POST /api/v1/namespaces/test/events HTTP/1.1 and responded: HTTP/1.1 201 Created
7月 28, 2026 1:09:32 上午 io.fabric8.mockwebserver.MockWebServer info
信息: MockWebServer[57413] received request: POST /api/v1/namespaces/test/events HTTP/1.1 and responded: HTTP/1.1 201 Created
7月 28, 2026 1:09:32 上午 io.fabric8.mockwebserver.MockWebServer info
信息: MockWebServer[57413] received request: POST /api/v1/namespaces/test/events HTTP/1.1 and responded: HTTP/1.1 201 Created
7月 28, 2026 1:09:32 上午 io.fabric8.mockwebserver.MockWebServer info
信息: MockWebServer[57413] received request: POST /api/v1/namespaces/test/events HTTP/1.1 and responded: HTTP/1.1 201 Created
7月 28, 2026 1:09:32 上午 io.fabric8.mockwebserver.MockWebServer info
信息: MockWebServer[57413] received request: POST /api/v1/namespaces/test/events HTTP/1.1 and responded: HTTP/1.1 201 Created
7月 28, 2026 1:09:32 上午 io.fabric8.mockwebserver.MockWebServer info
信息: MockWebServer[57413] received request: POST /api/v1/namespaces/test/events HTTP/1.1 and responded: HTTP/1.1 201 Created
7月 28, 2026 1:09:32 上午 io.fabric8.mockwebserver.MockWebServer info
信息: MockWebServer[57413] received request: POST /api/v1/namespaces/test/events HTTP/1.1 and responded: HTTP/1.1 201 Created
7月 28, 2026 1:09:32 上午 io.fabric8.mockwebserver.MockWebServer info
信息: MockWebServer[57413] received request: POST /api/v1/namespaces/test/events HTTP/1.1 and responded: HTTP/1.1 201 Created
7月 28, 2026 1:09:32 上午 io.fabric8.mockwebserver.MockWebServer info
信息: MockWebServer[57413] received request: POST /api/v1/namespaces/test/events HTTP/1.1 and responded: HTTP/1.1 201 Created
7月 28, 2026 1:09:32 上午 io.fabric8.mockwebserver.MockWebServer info
信息: MockWebServer[57413] received request: POST /api/v1/namespaces/test/events HTTP/1.1 and responded: HTTP/1.1 201 Created
7月 28, 2026 1:09:32 上午 io.fabric8.mockwebserver.MockWebServer info
信息: MockWebServer[57413] received request: POST /api/v1/namespaces/test/events HTTP/1.1 and responded: HTTP/1.1 201 Created
7月 28, 2026 1:09:32 上午 io.fabric8.mockwebserver.MockWebServer info
信息: MockWebServer[57413] received request: POST /api/v1/namespaces/test/events HTTP/1.1 and responded: HTTP/1.1 201 Created
7月 28, 2026 1:09:32 上午 io.fabric8.mockwebserver.MockWebServer info
信息: MockWebServer[57413] received request: POST /api/v1/namespaces/test/events HTTP/1.1 and responded: HTTP/1.1 201 Created
7月 28, 2026 1:09:32 上午 io.fabric8.mockwebserver.MockWebServer info
信息: MockWebServer[57413] received request: POST /api/v1/namespaces/test/events HTTP/1.1 and responded: HTTP/1.1 201 Created
7月 28, 2026 1:09:32 上午 io.fabric8.mockwebserver.MockWebServer info
信息: MockWebServer[57413] received request: POST /api/v1/namespaces/test/events HTTP/1.1 and responded: HTTP/1.1 201 Created
7月 28, 2026 1:09:32 上午 io.fabric8.mockwebserver.MockWebServer info
信息: MockWebServer[57413] received request: POST /api/v1/namespaces/test/events HTTP/1.1 and responded: HTTP/1.1 201 Created
7月 28, 2026 1:09:32 上午 io.fabric8.mockwebserver.MockWebServer info
信息: MockWebServer[57413] received request: POST /api/v1/namespaces/test/events HTTP/1.1 and responded: HTTP/1.1 201 Created
7月 28, 2026 1:09:32 上午 io.fabric8.mockwebserver.MockWebServer info
信息: MockWebServer[57413] received request: POST /api/v1/namespaces/test/events HTTP/1.1 and responded: HTTP/1.1 201 Created
7月 28, 2026 1:09:32 上午 io.fabric8.mockwebserver.MockWebServer info
信息: MockWebServer[57413] received request: POST /api/v1/namespaces/test/events HTTP/1.1 and responded: HTTP/1.1 201 Created
7月 28, 2026 1:09:32 上午 io.fabric8.mockwebserver.MockWebServer info
信息: MockWebServer[57413] received request: POST /api/v1/namespaces/test/events HTTP/1.1 and responded: HTTP/1.1 201 Created
7月 28, 2026 1:09:32 上午 io.fabric8.mockwebserver.MockWebServer info
信息: MockWebServer[57413] received request: POST /api/v1/namespaces/test/events HTTP/1.1 and responded: HTTP/1.1 201 Created
7月 28, 2026 1:09:32 上午 io.fabric8.mockwebserver.MockWebServer info
信息: MockWebServer[57413] received request: POST /api/v1/namespaces/test/events HTTP/1.1 and responded: HTTP/1.1 201 Created
7月 28, 2026 1:09:32 上午 io.fabric8.mockwebserver.MockWebServer info
信息: MockWebServer[57413] received request: POST /api/v1/namespaces/test/events HTTP/1.1 and responded: HTTP/1.1 201 Created
7月 28, 2026 1:09:32 上午 io.fabric8.mockwebserver.MockWebServer info
信息: MockWebServer[57413] received request: POST /api/v1/namespaces/test/events HTTP/1.1 and responded: HTTP/1.1 201 Created
7月 28, 2026 1:09:32 上午 io.fabric8.mockwebserver.MockWebServer info
信息: MockWebServer[57413] received request: POST /api/v1/namespaces/test/events HTTP/1.1 and responded: HTTP/1.1 201 Created
7月 28, 2026 1:09:32 上午 io.fabric8.mockwebserver.MockWebServer info
信息: MockWebServer[57413] received request: POST /api/v1/namespaces/test/events HTTP/1.1 and responded: HTTP/1.1 201 Created
7月 28, 2026 1:09:32 上午 io.fabric8.mockwebserver.MockWebServer info
信息: MockWebServer[57413] received request: POST /api/v1/namespaces/test/events HTTP/1.1 and responded: HTTP/1.1 201 Created
7月 28, 2026 1:09:32 上午 io.fabric8.mockwebserver.MockWebServer info
信息: MockWebServer[57413] received request: POST /api/v1/namespaces/test/events HTTP/1.1 and responded: HTTP/1.1 201 Created
7月 28, 2026 1:09:32 上午 io.fabric8.mockwebserver.MockWebServer info
信息: MockWebServer[57413] received request: POST /api/v1/namespaces/test/events HTTP/1.1 and responded: HTTP/1.1 201 Created
7月 28, 2026 1:09:32 上午 io.fabric8.mockwebserver.MockWebServer info
信息: MockWebServer[57413] received request: POST /api/v1/namespaces/test/events HTTP/1.1 and responded: HTTP/1.1 201 Created
7月 28, 2026 1:09:32 上午 io.fabric8.mockwebserver.MockWebServer info
信息: MockWebServer[57413] received request: POST /api/v1/namespaces/test/events HTTP/1.1 and responded: HTTP/1.1 201 Created
7月 28, 2026 1:09:32 上午 io.fabric8.mockwebserver.MockWebServer info
信息: MockWebServer[57413] received request: POST /api/v1/namespaces/test/events HTTP/1.1 and responded: HTTP/1.1 201 Created
7月 28, 2026 1:09:32 上午 io.fabric8.mockwebserver.MockWebServer info
信息: MockWebServer[57413] received request: POST /api/v1/namespaces/test/events HTTP/1.1 and responded: HTTP/1.1 201 Created
7月 28, 2026 1:09:32 上午 io.fabric8.mockwebserver.MockWebServer info
信息: MockWebServer[57413] received request: POST /api/v1/namespaces/test/events HTTP/1.1 and responded: HTTP/1.1 201 Created
7月 28, 2026 1:09:32 上午 io.fabric8.mockwebserver.MockWebServer info
信息: MockWebServer[57413] received request: POST /api/v1/namespaces/test/events HTTP/1.1 and responded: HTTP/1.1 201 Created
7月 28, 2026 1:09:32 上午 io.fabric8.mockwebserver.MockWebServer info
信息: MockWebServer[57413] received request: POST /api/v1/namespaces/test/events HTTP/1.1 and responded: HTTP/1.1 201 Created
7月 28, 2026 1:09:32 上午 io.fabric8.mockwebserver.MockWebServer info
信息: MockWebServer[57413] received request: POST /api/v1/namespaces/test/events HTTP/1.1 and responded: HTTP/1.1 201 Created
7月 28, 2026 1:09:32 上午 io.fabric8.mockwebserver.MockWebServer info
信息: MockWebServer[57413] received request: POST /api/v1/namespaces/test/events HTTP/1.1 and responded: HTTP/1.1 201 Created
7月 28, 2026 1:09:32 上午 io.fabric8.mockwebserver.MockWebServer info
信息: MockWebServer[57413] received request: POST /api/v1/namespaces/test/events HTTP/1.1 and responded: HTTP/1.1 201 Created
7月 28, 2026 1:09:32 上午 io.fabric8.mockwebserver.MockWebServer info
信息: MockWebServer[57413] received request: POST /api/v1/namespaces/test/events HTTP/1.1 and responded: HTTP/1.1 201 Created
7月 28, 2026 1:09:32 上午 io.fabric8.mockwebserver.MockWebServer info
信息: MockWebServer[57413] received request: POST /api/v1/namespaces/test/events HTTP/1.1 and responded: HTTP/1.1 201 Created
7月 28, 2026 1:09:32 上午 io.fabric8.mockwebserver.MockWebServer info
信息: MockWebServer[57413] received request: POST /api/v1/namespaces/test/events HTTP/1.1 and responded: HTTP/1.1 201 Created
7月 28, 2026 1:09:32 上午 io.fabric8.mockwebserver.MockWebServer info
信息: MockWebServer[57413] received request: POST /api/v1/namespaces/test/events HTTP/1.1 and responded: HTTP/1.1 201 Created
7月 28, 2026 1:09:32 上午 io.fabric8.mockwebserver.MockWebServer info
信息: MockWebServer[57413] received request: POST /api/v1/namespaces/test/events HTTP/1.1 and responded: HTTP/1.1 201 Created
7月 28, 2026 1:09:32 上午 io.fabric8.mockwebserver.MockWebServer info
信息: MockWebServer[57413] received request: POST /api/v1/namespaces/test/events HTTP/1.1 and responded: HTTP/1.1 201 Created
7月 28, 2026 1:09:32 上午 io.fabric8.mockwebserver.MockWebServer info
信息: MockWebServer[57413] received request: POST /api/v1/namespaces/test/events HTTP/1.1 and responded: HTTP/1.1 201 Created
7月 28, 2026 1:09:32 上午 io.fabric8.mockwebserver.MockWebServer info
信息: MockWebServer[57413] received request: POST /api/v1/namespaces/test/events HTTP/1.1 and responded: HTTP/1.1 201 Created
7月 28, 2026 1:09:32 上午 io.fabric8.mockwebserver.MockWebServer info
信息: MockWebServer[57413] received request: POST /api/v1/namespaces/test/events HTTP/1.1 and responded: HTTP/1.1 201 Created
7月 28, 2026 1:09:32 上午 io.fabric8.mockwebserver.MockWebServer info
信息: MockWebServer[57413] received request: POST /api/v1/namespaces/test/events HTTP/1.1 and responded: HTTP/1.1 201 Created
7月 28, 2026 1:09:32 上午 io.fabric8.mockwebserver.MockWebServer info
信息: MockWebServer[57413] received request: POST /api/v1/namespaces/test/events HTTP/1.1 and responded: HTTP/1.1 201 Created
7月 28, 2026 1:09:32 上午 io.fabric8.mockwebserver.MockWebServer info
信息: MockWebServer[57413] received request: POST /api/v1/namespaces/test/events HTTP/1.1 and responded: HTTP/1.1 201 Created
7月 28, 2026 1:09:32 上午 io.fabric8.mockwebserver.MockWebServer info
信息: MockWebServer[57413] received request: POST /api/v1/namespaces/test/events HTTP/1.1 and responded: HTTP/1.1 201 Created
7月 28, 2026 1:09:32 上午 io.fabric8.mockwebserver.MockWebServer info
信息: MockWebServer[57413] received request: POST /api/v1/namespaces/test/events HTTP/1.1 and responded: HTTP/1.1 201 Created
7月 28, 2026 1:09:32 上午 io.fabric8.mockwebserver.MockWebServer info
信息: MockWebServer[57413] received request: POST /api/v1/namespaces/test/events HTTP/1.1 and responded: HTTP/1.1 201 Created
7月 28, 2026 1:09:32 上午 io.fabric8.mockwebserver.MockWebServer info
信息: MockWebServer[57413] received request: POST /api/v1/namespaces/test/events HTTP/1.1 and responded: HTTP/1.1 201 Created
7月 28, 2026 1:09:32 上午 io.fabric8.mockwebserver.MockWebServer info
信息: MockWebServer[57413] received request: POST /api/v1/namespaces/test/events HTTP/1.1 and responded: HTTP/1.1 201 Created
7月 28, 2026 1:09:32 上午 io.fabric8.mockwebserver.MockWebServer info
信息: MockWebServer[57413] received request: POST /api/v1/namespaces/test/events HTTP/1.1 and responded: HTTP/1.1 201 Created
7月 28, 2026 1:09:32 上午 io.fabric8.mockwebserver.MockWebServer info
信息: MockWebServer[57413] received request: POST /api/v1/namespaces/test/events HTTP/1.1 and responded: HTTP/1.1 201 Created
7月 28, 2026 1:09:32 上午 io.fabric8.mockwebserver.MockWebServer info
信息: MockWebServer[57413] received request: POST /api/v1/namespaces/test/events HTTP/1.1 and responded: HTTP/1.1 201 Created
7月 28, 2026 1:09:32 上午 io.fabric8.mockwebserver.MockWebServer info
信息: MockWebServer[57413] received request: POST /api/v1/namespaces/test/events HTTP/1.1 and responded: HTTP/1.1 201 Created
7月 28, 2026 1:09:32 上午 io.fabric8.mockwebserver.MockWebServer info
信息: MockWebServer[57413] received request: POST /api/v1/namespaces/test/events HTTP/1.1 and responded: HTTP/1.1 201 Created
7月 28, 2026 1:09:32 上午 io.fabric8.mockwebserver.MockWebServer info
信息: MockWebServer[57413] received request: POST /api/v1/namespaces/test/events HTTP/1.1 and responded: HTTP/1.1 201 Created
7月 28, 2026 1:09:32 上午 io.fabric8.mockwebserver.MockWebServer info
信息: MockWebServer[57413] received request: POST /api/v1/namespaces/test/events HTTP/1.1 and responded: HTTP/1.1 201 Created
7月 28, 2026 1:09:32 上午 io.fabric8.mockwebserver.MockWebServer info
信息: MockWebServer[57413] received request: POST /api/v1/namespaces/test/events HTTP/1.1 and responded: HTTP/1.1 201 Created
7月 28, 2026 1:09:32 上午 io.fabric8.mockwebserver.MockWebServer info
信息: MockWebServer[57413] received request: POST /api/v1/namespaces/test/events HTTP/1.1 and responded: HTTP/1.1 201 Created
7月 28, 2026 1:09:32 上午 io.fabric8.mockwebserver.MockWebServer info
信息: MockWebServer[57413] received request: POST /api/v1/namespaces/test/events HTTP/1.1 and responded: HTTP/1.1 201 Created
7月 28, 2026 1:09:32 上午 io.fabric8.mockwebserver.MockWebServer info
信息: MockWebServer[57413] received request: POST /api/v1/namespaces/test/events HTTP/1.1 and responded: HTTP/1.1 201 Created
7月 28, 2026 1:09:32 上午 io.fabric8.mockwebserver.MockWebServer info
信息: MockWebServer[57413] received request: POST /api/v1/namespaces/test/events HTTP/1.1 and responded: HTTP/1.1 201 Created
7月 28, 2026 1:09:32 上午 io.fabric8.mockwebserver.MockWebServer info
信息: MockWebServer[57413] received request: POST /api/v1/namespaces/test/events HTTP/1.1 and responded: HTTP/1.1 201 Created
7月 28, 2026 1:09:32 上午 io.fabric8.mockwebserver.MockWebServer info
信息: MockWebServer[57413] received request: POST /api/v1/namespaces/test/events HTTP/1.1 and responded: HTTP/1.1 201 Created
7月 28, 2026 1:09:32 上午 io.fabric8.mockwebserver.MockWebServer info
信息: MockWebServer[57413] received request: POST /api/v1/namespaces/test/events HTTP/1.1 and responded: HTTP/1.1 201 Created
7月 28, 2026 1:09:32 上午 io.fabric8.mockwebserver.MockWebServer info
信息: MockWebServer[57413] received request: POST /api/v1/namespaces/test/events HTTP/1.1 and responded: HTTP/1.1 201 Created
7月 28, 2026 1:09:32 上午 io.fabric8.mockwebserver.MockWebServer info
信息: MockWebServer[57413] received request: POST /api/v1/namespaces/test/events HTTP/1.1 and responded: HTTP/1.1 201 Created
7月 28, 2026 1:09:32 上午 io.fabric8.mockwebserver.MockWebServer info
信息: MockWebServer[57413] received request: POST /api/v1/namespaces/test/events HTTP/1.1 and responded: HTTP/1.1 201 Created
7月 28, 2026 1:09:32 上午 io.fabric8.mockwebserver.MockWebServer info
信息: MockWebServer[57413] received request: POST /api/v1/namespaces/test/events HTTP/1.1 and responded: HTTP/1.1 201 Created
7月 28, 2026 1:09:32 上午 io.fabric8.mockwebserver.MockWebServer info
信息: MockWebServer[57413] received request: POST /api/v1/namespaces/test/events HTTP/1.1 and responded: HTTP/1.1 201 Created
7月 28, 2026 1:09:32 上午 io.fabric8.mockwebserver.MockWebServer info
信息: MockWebServer[57413] received request: POST /api/v1/namespaces/test/events HTTP/1.1 and responded: HTTP/1.1 201 Created
7月 28, 2026 1:09:32 上午 io.fabric8.mockwebserver.MockWebServer info
信息: MockWebServer[57413] received request: POST /api/v1/namespaces/test/events HTTP/1.1 and responded: HTTP/1.1 201 Created
7月 28, 2026 1:09:32 上午 io.fabric8.mockwebserver.MockWebServer info
信息: MockWebServer[57413] received request: POST /api/v1/namespaces/test/events HTTP/1.1 and responded: HTTP/1.1 201 Created
7月 28, 2026 1:09:32 上午 io.fabric8.mockwebserver.MockWebServer info
信息: MockWebServer[57413] received request: POST /api/v1/namespaces/test/events HTTP/1.1 and responded: HTTP/1.1 201 Created
7月 28, 2026 1:09:32 上午 io.fabric8.mockwebserver.MockWebServer info
信息: MockWebServer[57413] received request: POST /api/v1/namespaces/test/events HTTP/1.1 and responded: HTTP/1.1 201 Created
7月 28, 2026 1:09:32 上午 io.fabric8.mockwebserver.MockWebServer info
信息: MockWebServer[57413] received request: POST /api/v1/namespaces/test/events HTTP/1.1 and responded: HTTP/1.1 201 Created
7月 28, 2026 1:09:32 上午 io.fabric8.mockwebserver.MockWebServer info
信息: MockWebServer[57413] received request: POST /api/v1/namespaces/test/events HTTP/1.1 and responded: HTTP/1.1 201 Created
7月 28, 2026 1:09:32 上午 io.fabric8.mockwebserver.MockWebServer info
信息: MockWebServer[57413] received request: POST /api/v1/namespaces/test/events HTTP/1.1 and responded: HTTP/1.1 201 Created
7月 28, 2026 1:09:32 上午 io.fabric8.mockwebserver.MockWebServer info
信息: MockWebServer[57413] received request: POST /api/v1/namespaces/test/events HTTP/1.1 and responded: HTTP/1.1 201 Created
7月 28, 2026 1:09:32 上午 io.fabric8.mockwebserver.MockWebServer info
信息: MockWebServer[57413] received request: POST /api/v1/namespaces/test/events HTTP/1.1 and responded: HTTP/1.1 201 Created
7月 28, 2026 1:09:32 上午 io.fabric8.mockwebserver.MockWebServer info
信息: MockWebServer[57413] received request: POST /api/v1/namespaces/test/events HTTP/1.1 and responded: HTTP/1.1 201 Created
7月 28, 2026 1:09:32 上午 io.fabric8.mockwebserver.MockWebServer info
信息: MockWebServer[57413] received request: POST /api/v1/namespaces/test/events HTTP/1.1 and responded: HTTP/1.1 201 Created
7月 28, 2026 1:09:32 上午 io.fabric8.mockwebserver.MockWebServer info
信息: MockWebServer[57413] received request: POST /api/v1/namespaces/test/events HTTP/1.1 and responded: HTTP/1.1 201 Created
7月 28, 2026 1:09:32 上午 io.fabric8.mockwebserver.MockWebServer info
信息: MockWebServer[57413] received request: POST /api/v1/namespaces/test/events HTTP/1.1 and responded: HTTP/1.1 201 Created
7月 28, 2026 1:09:32 上午 io.fabric8.mockwebserver.MockWebServer info
信息: MockWebServer[57413] received request: POST /api/v1/namespaces/test/events HTTP/1.1 and responded: HTTP/1.1 201 Created
7月 28, 2026 1:09:32 上午 io.fabric8.mockwebserver.MockWebServer info
信息: MockWebServer[57413] received request: POST /api/v1/namespaces/test/events HTTP/1.1 and responded: HTTP/1.1 201 Created
7月 28, 2026 1:09:32 上午 io.fabric8.mockwebserver.MockWebServer info
信息: MockWebServer[57413] received request: POST /api/v1/namespaces/test/events HTTP/1.1 and responded: HTTP/1.1 201 Created
7月 28, 2026 1:09:32 上午 io.fabric8.mockwebserver.MockWebServer info
信息: MockWebServer[57413] received request: POST /api/v1/namespaces/test/events HTTP/1.1 and responded: HTTP/1.1 201 Created
7月 28, 2026 1:09:32 上午 io.fabric8.mockwebserver.MockWebServer info
信息: MockWebServer[57413] received request: POST /api/v1/namespaces/test/events HTTP/1.1 and responded: HTTP/1.1 201 Created
7月 28, 2026 1:09:32 上午 io.fabric8.mockwebserver.MockWebServer info
信息: MockWebServer[57413] received request: POST /api/v1/namespaces/test/events HTTP/1.1 and responded: HTTP/1.1 201 Created
7月 28, 2026 1:09:32 上午 io.fabric8.mockwebserver.MockWebServer info
信息: MockWebServer[57413] received request: POST /api/v1/namespaces/test/events HTTP/1.1 and responded: HTTP/1.1 201 Created
7月 28, 2026 1:09:32 上午 io.fabric8.mockwebserver.MockWebServer info
信息: MockWebServer[57413] received request: POST /api/v1/namespaces/test/events HTTP/1.1 and responded: HTTP/1.1 201 Created
7月 28, 2026 1:09:32 上午 io.fabric8.mockwebserver.MockWebServer info
信息: MockWebServer[57413] received request: POST /api/v1/namespaces/test/events HTTP/1.1 and responded: HTTP/1.1 201 Created
7月 28, 2026 1:09:32 上午 io.fabric8.mockwebserver.MockWebServer info
信息: MockWebServer[57413] received request: POST /api/v1/namespaces/test/events HTTP/1.1 and responded: HTTP/1.1 201 Created
7月 28, 2026 1:09:32 上午 io.fabric8.mockwebserver.MockWebServer info
信息: MockWebServer[57413] received request: POST /api/v1/namespaces/test/events HTTP/1.1 and responded: HTTP/1.1 201 Created
7月 28, 2026 1:09:32 上午 io.fabric8.mockwebserver.MockWebServer info
信息: MockWebServer[57413] received request: POST /api/v1/namespaces/test/events HTTP/1.1 and responded: HTTP/1.1 201 Created
7月 28, 2026 1:09:32 上午 io.fabric8.mockwebserver.MockWebServer info
信息: MockWebServer[57413] received request: POST /api/v1/namespaces/test/events HTTP/1.1 and responded: HTTP/1.1 201 Created
7月 28, 2026 1:09:32 上午 io.fabric8.mockwebserver.MockWebServer info
信息: MockWebServer[57413] received request: POST /api/v1/namespaces/test/events HTTP/1.1 and responded: HTTP/1.1 201 Created
7月 28, 2026 1:09:32 上午 io.fabric8.mockwebserver.MockWebServer info
信息: MockWebServer[57413] received request: POST /api/v1/namespaces/test/events HTTP/1.1 and responded: HTTP/1.1 201 Created
7月 28, 2026 1:09:32 上午 io.fabric8.mockwebserver.MockWebServer info
信息: MockWebServer[57413] received request: POST /api/v1/namespaces/test/events HTTP/1.1 and responded: HTTP/1.1 201 Created
7月 28, 2026 1:09:32 上午 io.fabric8.mockwebserver.MockWebServer info
信息: MockWebServer[57413] received request: POST /api/v1/namespaces/test/events HTTP/1.1 and responded: HTTP/1.1 201 Created
7月 28, 2026 1:09:32 上午 io.fabric8.mockwebserver.MockWebServer info
信息: MockWebServer[57413] received request: POST /api/v1/namespaces/test/events HTTP/1.1 and responded: HTTP/1.1 201 Created
7月 28, 2026 1:09:32 上午 io.fabric8.mockwebserver.MockWebServer info
信息: MockWebServer[57413] received request: POST /api/v1/namespaces/test/events HTTP/1.1 and responded: HTTP/1.1 201 Created
7月 28, 2026 1:09:32 上午 io.fabric8.mockwebserver.MockWebServer info
信息: MockWebServer[57413] received request: POST /api/v1/namespaces/test/events HTTP/1.1 and responded: HTTP/1.1 201 Created
7月 28, 2026 1:09:32 上午 io.fabric8.mockwebserver.MockWebServer info
信息: MockWebServer[57413] received request: POST /api/v1/namespaces/test/events HTTP/1.1 and responded: HTTP/1.1 201 Created
7月 28, 2026 1:09:32 上午 io.fabric8.mockwebserver.MockWebServer info
信息: MockWebServer[57413] received request: POST /api/v1/namespaces/test/events HTTP/1.1 and responded: HTTP/1.1 201 Created
7月 28, 2026 1:09:32 上午 io.fabric8.mockwebserver.MockWebServer info
信息: MockWebServer[57413] received request: POST /api/v1/namespaces/test/events HTTP/1.1 and responded: HTTP/1.1 201 Created
7月 28, 2026 1:09:32 上午 io.fabric8.mockwebserver.MockWebServer info
信息: MockWebServer[57413] received request: POST /api/v1/namespaces/test/events HTTP/1.1 and responded: HTTP/1.1 201 Created
7月 28, 2026 1:09:32 上午 io.fabric8.mockwebserver.MockWebServer info
信息: MockWebServer[57413] received request: POST /api/v1/namespaces/test/events HTTP/1.1 and responded: HTTP/1.1 201 Created
7月 28, 2026 1:09:32 上午 io.fabric8.mockwebserver.MockWebServer info
信息: MockWebServer[57413] received request: POST /api/v1/namespaces/test/events HTTP/1.1 and responded: HTTP/1.1 201 Created
7月 28, 2026 1:09:32 上午 io.fabric8.mockwebserver.MockWebServer info
信息: MockWebServer[57413] received request: POST /api/v1/namespaces/test/events HTTP/1.1 and responded: HTTP/1.1 201 Created
7月 28, 2026 1:09:32 上午 io.fabric8.mockwebserver.MockWebServer info
信息: MockWebServer[57413] received request: POST /api/v1/namespaces/test/events HTTP/1.1 and responded: HTTP/1.1 201 Created
7月 28, 2026 1:09:32 上午 io.fabric8.mockwebserver.MockWebServer info
信息: MockWebServer[57413] received request: POST /api/v1/namespaces/test/events HTTP/1.1 and responded: HTTP/1.1 201 Created
7月 28, 2026 1:09:32 上午 io.fabric8.mockwebserver.MockWebServer info
信息: MockWebServer[57413] received request: POST /api/v1/namespaces/test/events HTTP/1.1 and responded: HTTP/1.1 201 Created
7月 28, 2026 1:09:32 上午 io.fabric8.mockwebserver.MockWebServer info
信息: MockWebServer[57413] received request: POST /api/v1/namespaces/test/events HTTP/1.1 and responded: HTTP/1.1 201 Created
7月 28, 2026 1:09:32 上午 io.fabric8.mockwebserver.MockWebServer info
信息: MockWebServer[57413] received request: POST /api/v1/namespaces/test/events HTTP/1.1 and responded: HTTP/1.1 201 Created
7月 28, 2026 1:09:32 上午 io.fabric8.mockwebserver.MockWebServer info
信息: MockWebServer[57413] received request: POST /api/v1/namespaces/test/events HTTP/1.1 and responded: HTTP/1.1 201 Created
7月 28, 2026 1:09:32 上午 io.fabric8.mockwebserver.MockWebServer info
信息: MockWebServer[57413] received request: POST /api/v1/namespaces/test/events HTTP/1.1 and responded: HTTP/1.1 201 Created
7月 28, 2026 1:09:32 上午 io.fabric8.mockwebserver.MockWebServer info
信息: MockWebServer[57413] received request: POST /api/v1/namespaces/test/events HTTP/1.1 and responded: HTTP/1.1 201 Created
7月 28, 2026 1:09:32 上午 io.fabric8.mockwebserver.MockWebServer info
信息: MockWebServer[57413] received request: POST /api/v1/namespaces/test/events HTTP/1.1 and responded: HTTP/1.1 201 Created
7月 28, 2026 1:09:32 上午 io.fabric8.mockwebserver.MockWebServer info
信息: MockWebServer[57413] received request: POST /api/v1/namespaces/test/events HTTP/1.1 and responded: HTTP/1.1 201 Created
7月 28, 2026 1:09:32 上午 io.fabric8.mockwebserver.MockWebServer info
信息: MockWebServer[57413] received request: POST /api/v1/namespaces/test/events HTTP/1.1 and responded: HTTP/1.1 201 Created
7月 28, 2026 1:09:32 上午 io.fabric8.mockwebserver.MockWebServer info
信息: MockWebServer[57413] received request: POST /api/v1/namespaces/test/events HTTP/1.1 and responded: HTTP/1.1 201 Created
7月 28, 2026 1:09:32 上午 io.fabric8.mockwebserver.MockWebServer info
信息: MockWebServer[57413] received request: POST /api/v1/namespaces/test/events HTTP/1.1 and responded: HTTP/1.1 201 Created
7月 28, 2026 1:09:32 上午 io.fabric8.mockwebserver.MockWebServer info
信息: MockWebServer[57413] received request: POST /api/v1/namespaces/test/events HTTP/1.1 and responded: HTTP/1.1 201 Created
7月 28, 2026 1:09:32 上午 io.fabric8.mockwebserver.MockWebServer info
信息: MockWebServer[57413] received request: POST /api/v1/namespaces/test/events HTTP/1.1 and responded: HTTP/1.1 201 Created
7月 28, 2026 1:09:32 上午 io.fabric8.mockwebserver.MockWebServer info
信息: MockWebServer[57413] received request: POST /api/v1/namespaces/test/events HTTP/1.1 and responded: HTTP/1.1 201 Created
7月 28, 2026 1:09:32 上午 io.fabric8.mockwebserver.MockWebServer info
信息: MockWebServer[57413] received request: POST /api/v1/namespaces/test/events HTTP/1.1 and responded: HTTP/1.1 201 Created
7月 28, 2026 1:09:32 上午 io.fabric8.mockwebserver.MockWebServer info
信息: MockWebServer[57413] received request: POST /api/v1/namespaces/test/events HTTP/1.1 and responded: HTTP/1.1 201 Created
7月 28, 2026 1:09:32 上午 io.fabric8.mockwebserver.MockWebServer info
信息: MockWebServer[57413] received request: POST /api/v1/namespaces/test/events HTTP/1.1 and responded: HTTP/1.1 201 Created
7月 28, 2026 1:09:32 上午 io.fabric8.mockwebserver.MockWebServer info
信息: MockWebServer[57413] received request: POST /api/v1/namespaces/test/events HTTP/1.1 and responded: HTTP/1.1 201 Created
7月 28, 2026 1:09:32 上午 io.fabric8.mockwebserver.MockWebServer info
信息: MockWebServer[57413] received request: POST /api/v1/namespaces/test/events HTTP/1.1 and responded: HTTP/1.1 201 Created
7月 28, 2026 1:09:32 上午 io.fabric8.mockwebserver.MockWebServer info
信息: MockWebServer[57413] received request: POST /api/v1/namespaces/test/events HTTP/1.1 and responded: HTTP/1.1 201 Created
7月 28, 2026 1:09:32 上午 io.fabric8.mockwebserver.MockWebServer info
信息: MockWebServer[57413] received request: POST /api/v1/namespaces/test/events HTTP/1.1 and responded: HTTP/1.1 201 Created
7月 28, 2026 1:09:32 上午 io.fabric8.mockwebserver.MockWebServer info
信息: MockWebServer[57413] received request: POST /api/v1/namespaces/test/events HTTP/1.1 and responded: HTTP/1.1 201 Created
7月 28, 2026 1:09:32 上午 io.fabric8.mockwebserver.MockWebServer info
信息: MockWebServer[57413] received request: POST /api/v1/namespaces/test/events HTTP/1.1 and responded: HTTP/1.1 201 Created
7月 28, 2026 1:09:32 上午 io.fabric8.mockwebserver.MockWebServer info
信息: MockWebServer[57413] received request: POST /api/v1/namespaces/test/events HTTP/1.1 and responded: HTTP/1.1 201 Created
7月 28, 2026 1:09:32 上午 io.fabric8.mockwebserver.MockWebServer info
信息: MockWebServer[57413] received request: POST /api/v1/namespaces/test/events HTTP/1.1 and responded: HTTP/1.1 201 Created
7月 28, 2026 1:09:32 上午 io.fabric8.mockwebserver.MockWebServer info
信息: MockWebServer[57413] received request: POST /api/v1/namespaces/test/events HTTP/1.1 and responded: HTTP/1.1 201 Created
7月 28, 2026 1:09:32 上午 io.fabric8.mockwebserver.MockWebServer info
信息: MockWebServer[57413] received request: POST /api/v1/namespaces/test/events HTTP/1.1 and responded: HTTP/1.1 201 Created
7月 28, 2026 1:09:32 上午 io.fabric8.mockwebserver.MockWebServer info
信息: MockWebServer[57413] received request: POST /api/v1/namespaces/test/events HTTP/1.1 and responded: HTTP/1.1 201 Created
7月 28, 2026 1:09:32 上午 io.fabric8.mockwebserver.MockWebServer info
信息: MockWebServer[57413] received request: POST /api/v1/namespaces/test/events HTTP/1.1 and responded: HTTP/1.1 201 Created
7月 28, 2026 1:09:32 上午 io.fabric8.mockwebserver.MockWebServer info
信息: MockWebServer[57413] received request: POST /api/v1/namespaces/test/events HTTP/1.1 and responded: HTTP/1.1 201 Created
7月 28, 2026 1:09:32 上午 io.fabric8.mockwebserver.MockWebServer info
信息: MockWebServer[57413] received request: POST /api/v1/namespaces/test/events HTTP/1.1 and responded: HTTP/1.1 201 Created
7月 28, 2026 1:09:32 上午 io.fabric8.mockwebserver.MockWebServer info
信息: MockWebServer[57413] received request: POST /api/v1/namespaces/test/events HTTP/1.1 and responded: HTTP/1.1 201 Created
7月 28, 2026 1:09:32 上午 io.fabric8.mockwebserver.MockWebServer info
信息: MockWebServer[57413] received request: POST /api/v1/namespaces/test/events HTTP/1.1 and responded: HTTP/1.1 201 Created
7月 28, 2026 1:09:32 上午 io.fabric8.mockwebserver.MockWebServer info
信息: MockWebServer[57413] received request: POST /api/v1/namespaces/test/events HTTP/1.1 and responded: HTTP/1.1 201 Created
7月 28, 2026 1:09:32 上午 io.fabric8.mockwebserver.MockWebServer info
信息: MockWebServer[57413] received request: POST /api/v1/namespaces/test/events HTTP/1.1 and responded: HTTP/1.1 201 Created
7月 28, 2026 1:09:32 上午 io.fabric8.mockwebserver.MockWebServer info
信息: MockWebServer[57413] received request: POST /api/v1/namespaces/test/events HTTP/1.1 and responded: HTTP/1.1 201 Created
7月 28, 2026 1:09:32 上午 io.fabric8.mockwebserver.MockWebServer info
信息: MockWebServer[57413] received request: POST /api/v1/namespaces/test/events HTTP/1.1 and responded: HTTP/1.1 201 Created
7月 28, 2026 1:09:32 上午 io.fabric8.mockwebserver.MockWebServer info
信息: MockWebServer[57413] received request: POST /api/v1/namespaces/test/events HTTP/1.1 and responded: HTTP/1.1 201 Created
7月 28, 2026 1:09:32 上午 io.fabric8.mockwebserver.MockWebServer info
信息: MockWebServer[57413] received request: POST /api/v1/namespaces/test/events HTTP/1.1 and responded: HTTP/1.1 201 Created
7月 28, 2026 1:09:32 上午 io.fabric8.mockwebserver.MockWebServer info
信息: MockWebServer[57413] received request: POST /api/v1/namespaces/test/events HTTP/1.1 and responded: HTTP/1.1 201 Created
7月 28, 2026 1:09:32 上午 io.fabric8.mockwebserver.MockWebServer info
信息: MockWebServer[57413] received request: POST /api/v1/namespaces/test/events HTTP/1.1 and responded: HTTP/1.1 201 Created
7月 28, 2026 1:09:32 上午 io.fabric8.mockwebserver.MockWebServer info
信息: MockWebServer[57413] received request: POST /api/v1/namespaces/test/events HTTP/1.1 and responded: HTTP/1.1 201 Created
7月 28, 2026 1:09:32 上午 io.fabric8.mockwebserver.MockWebServer info
信息: MockWebServer[57413] received request: POST /api/v1/namespaces/test/events HTTP/1.1 and responded: HTTP/1.1 201 Created
7月 28, 2026 1:09:32 上午 io.fabric8.mockwebserver.MockWebServer info
信息: MockWebServer[57413] received request: POST /api/v1/namespaces/test/events HTTP/1.1 and responded: HTTP/1.1 201 Created
7月 28, 2026 1:09:32 上午 io.fabric8.mockwebserver.MockWebServer info
信息: MockWebServer[57413] received request: POST /api/v1/namespaces/test/events HTTP/1.1 and responded: HTTP/1.1 201 Created
7月 28, 2026 1:09:32 上午 io.fabric8.mockwebserver.MockWebServer info
信息: MockWebServer[57413] received request: POST /api/v1/namespaces/test/events HTTP/1.1 and responded: HTTP/1.1 201 Created
7月 28, 2026 1:09:32 上午 io.fabric8.mockwebserver.MockWebServer info
信息: MockWebServer[57413] received request: POST /api/v1/namespaces/test/events HTTP/1.1 and responded: HTTP/1.1 201 Created
7月 28, 2026 1:09:32 上午 io.fabric8.mockwebserver.MockWebServer info
信息: MockWebServer[57413] received request: POST /api/v1/namespaces/test/events HTTP/1.1 and responded: HTTP/1.1 201 Created
7月 28, 2026 1:09:32 上午 io.fabric8.mockwebserver.MockWebServer info
信息: MockWebServer[57413] received request: POST /api/v1/namespaces/test/events HTTP/1.1 and responded: HTTP/1.1 201 Created
7月 28, 2026 1:09:32 上午 io.fabric8.mockwebserver.MockWebServer info
信息: MockWebServer[57413] received request: POST /api/v1/namespaces/test/events HTTP/1.1 and responded: HTTP/1.1 201 Created
7月 28, 2026 1:09:32 上午 io.fabric8.mockwebserver.MockWebServer info
信息: MockWebServer[57413] received request: POST /api/v1/namespaces/test/events HTTP/1.1 and responded: HTTP/1.1 201 Created
7月 28, 2026 1:09:32 上午 io.fabric8.mockwebserver.MockWebServer info
信息: MockWebServer[57413] received request: POST /api/v1/namespaces/test/events HTTP/1.1 and responded: HTTP/1.1 201 Created
7月 28, 2026 1:09:32 上午 io.fabric8.mockwebserver.MockWebServer info
信息: MockWebServer[57413] received request: POST /api/v1/namespaces/test/events HTTP/1.1 and responded: HTTP/1.1 201 Created
7月 28, 2026 1:09:32 上午 io.fabric8.mockwebserver.MockWebServer info
信息: MockWebServer[57413] received request: POST /api/v1/namespaces/test/events HTTP/1.1 and responded: HTTP/1.1 201 Created
7月 28, 2026 1:09:32 上午 io.fabric8.mockwebserver.MockWebServer info
信息: MockWebServer[57413] received request: POST /api/v1/namespaces/test/events HTTP/1.1 and responded: HTTP/1.1 201 Created
7月 28, 2026 1:09:32 上午 io.fabric8.mockwebserver.MockWebServer info
信息: MockWebServer[57413] received request: POST /api/v1/namespaces/test/events HTTP/1.1 and responded: HTTP/1.1 201 Created
7月 28, 2026 1:09:32 上午 io.fabric8.mockwebserver.MockWebServer info
信息: MockWebServer[57413] received request: POST /api/v1/namespaces/test/events HTTP/1.1 and responded: HTTP/1.1 201 Created
7月 28, 2026 1:09:32 上午 io.fabric8.mockwebserver.MockWebServer info
信息: MockWebServer[57413] received request: POST /api/v1/namespaces/test/events HTTP/1.1 and responded: HTTP/1.1 201 Created
7月 28, 2026 1:09:32 上午 io.fabric8.mockwebserver.MockWebServer info
信息: MockWebServer[57413] received request: POST /api/v1/namespaces/test/events HTTP/1.1 and responded: HTTP/1.1 201 Created
7月 28, 2026 1:09:32 上午 io.fabric8.mockwebserver.MockWebServer info
信息: MockWebServer[57413] received request: POST /api/v1/namespaces/test/events HTTP/1.1 and responded: HTTP/1.1 201 Created
7月 28, 2026 1:09:32 上午 io.fabric8.mockwebserver.MockWebServer info
信息: MockWebServer[57413] received request: POST /api/v1/namespaces/test/events HTTP/1.1 and responded: HTTP/1.1 201 Created
7月 28, 2026 1:09:32 上午 io.fabric8.mockwebserver.MockWebServer info
信息: MockWebServer[57413] received request: POST /api/v1/namespaces/test/events HTTP/1.1 and responded: HTTP/1.1 201 Created
7月 28, 2026 1:09:32 上午 io.fabric8.mockwebserver.MockWebServer info
信息: MockWebServer[57413] received request: POST /api/v1/namespaces/test/events HTTP/1.1 and responded: HTTP/1.1 201 Created
7月 28, 2026 1:09:32 上午 io.fabric8.mockwebserver.MockWebServer info
信息: MockWebServer[57413] received request: POST /api/v1/namespaces/test/events HTTP/1.1 and responded: HTTP/1.1 201 Created
7月 28, 2026 1:09:32 上午 io.fabric8.mockwebserver.MockWebServer info
信息: MockWebServer[57413] received request: POST /api/v1/namespaces/test/events HTTP/1.1 and responded: HTTP/1.1 201 Created
7月 28, 2026 1:09:32 上午 io.fabric8.mockwebserver.MockWebServer info
信息: MockWebServer[57413] received request: POST /api/v1/namespaces/test/events HTTP/1.1 and responded: HTTP/1.1 201 Created
7月 28, 2026 1:09:32 上午 io.fabric8.mockwebserver.MockWebServer info
信息: MockWebServer[57413] received request: POST /api/v1/namespaces/test/events HTTP/1.1 and responded: HTTP/1.1 201 Created
7月 28, 2026 1:09:32 上午 io.fabric8.mockwebserver.MockWebServer info
信息: MockWebServer[57413] received request: POST /api/v1/namespaces/test/events HTTP/1.1 and responded: HTTP/1.1 201 Created
7月 28, 2026 1:09:32 上午 io.fabric8.mockwebserver.MockWebServer info
信息: MockWebServer[57413] received request: POST /api/v1/namespaces/test/events HTTP/1.1 and responded: HTTP/1.1 201 Created
7月 28, 2026 1:09:32 上午 io.fabric8.mockwebserver.MockWebServer info
信息: MockWebServer[57413] received request: POST /api/v1/namespaces/test/events HTTP/1.1 and responded: HTTP/1.1 201 Created
7月 28, 2026 1:09:32 上午 io.fabric8.mockwebserver.MockWebServer info
信息: MockWebServer[57413] received request: POST /api/v1/namespaces/test/events HTTP/1.1 and responded: HTTP/1.1 201 Created
7月 28, 2026 1:09:32 上午 io.fabric8.mockwebserver.MockWebServer info
信息: MockWebServer[57413] received request: POST /api/v1/namespaces/test/events HTTP/1.1 and responded: HTTP/1.1 201 Created
7月 28, 2026 1:09:32 上午 io.fabric8.mockwebserver.MockWebServer info
信息: MockWebServer[57413] received request: POST /api/v1/namespaces/test/events HTTP/1.1 and responded: HTTP/1.1 201 Created
7月 28, 2026 1:09:32 上午 io.fabric8.mockwebserver.MockWebServer info
信息: MockWebServer[57413] received request: POST /api/v1/namespaces/test/events HTTP/1.1 and responded: HTTP/1.1 201 Created
7月 28, 2026 1:09:32 上午 io.fabric8.mockwebserver.MockWebServer info
信息: MockWebServer[57413] received request: POST /api/v1/namespaces/test/events HTTP/1.1 and responded: HTTP/1.1 201 Created
7月 28, 2026 1:09:32 上午 io.fabric8.mockwebserver.MockWebServer info
信息: MockWebServer[57413] received request: POST /api/v1/namespaces/test/events HTTP/1.1 and responded: HTTP/1.1 201 Created
7月 28, 2026 1:09:32 上午 io.fabric8.mockwebserver.MockWebServer info
信息: MockWebServer[57413] received request: POST /api/v1/namespaces/test/events HTTP/1.1 and responded: HTTP/1.1 201 Created
7月 28, 2026 1:09:32 上午 io.fabric8.mockwebserver.MockWebServer info
信息: MockWebServer[57413] received request: POST /api/v1/namespaces/test/events HTTP/1.1 and responded: HTTP/1.1 201 Created
7月 28, 2026 1:09:32 上午 io.fabric8.mockwebserver.MockWebServer info
信息: MockWebServer[57413] received request: POST /api/v1/namespaces/test/events HTTP/1.1 and responded: HTTP/1.1 201 Created
7月 28, 2026 1:09:32 上午 io.fabric8.mockwebserver.MockWebServer info
信息: MockWebServer[57413] received request: POST /api/v1/namespaces/test/events HTTP/1.1 and responded: HTTP/1.1 201 Created
7月 28, 2026 1:09:32 上午 io.fabric8.mockwebserver.MockWebServer info
信息: MockWebServer[57413] received request: POST /api/v1/namespaces/test/events HTTP/1.1 and responded: HTTP/1.1 201 Created
7月 28, 2026 1:09:32 上午 io.fabric8.mockwebserver.MockWebServer info
信息: MockWebServer[57413] received request: POST /api/v1/namespaces/test/events HTTP/1.1 and responded: HTTP/1.1 201 Created
7月 28, 2026 1:09:32 上午 io.fabric8.mockwebserver.MockWebServer info
信息: MockWebServer[57413] received request: POST /api/v1/namespaces/test/events HTTP/1.1 and responded: HTTP/1.1 201 Created
7月 28, 2026 1:09:32 上午 io.fabric8.mockwebserver.MockWebServer info
信息: MockWebServer[57413] received request: POST /api/v1/namespaces/test/events HTTP/1.1 and responded: HTTP/1.1 201 Created
7月 28, 2026 1:09:32 上午 io.fabric8.mockwebserver.MockWebServer info
信息: MockWebServer[57413] received request: POST /api/v1/namespaces/test/events HTTP/1.1 and responded: HTTP/1.1 201 Created
7月 28, 2026 1:09:32 上午 io.fabric8.mockwebserver.MockWebServer info
信息: MockWebServer[57413] received request: POST /api/v1/namespaces/test/events HTTP/1.1 and responded: HTTP/1.1 201 Created
7月 28, 2026 1:09:32 上午 io.fabric8.mockwebserver.MockWebServer info
信息: MockWebServer[57413] received request: POST /api/v1/namespaces/test/events HTTP/1.1 and responded: HTTP/1.1 201 Created
7月 28, 2026 1:09:32 上午 io.fabric8.mockwebserver.MockWebServer info
信息: MockWebServer[57413] received request: POST /api/v1/namespaces/test/events HTTP/1.1 and responded: HTTP/1.1 201 Created
7月 28, 2026 1:09:32 上午 io.fabric8.mockwebserver.MockWebServer info
信息: MockWebServer[57413] received request: POST /api/v1/namespaces/test/events HTTP/1.1 and responded: HTTP/1.1 201 Created
7月 28, 2026 1:09:32 上午 io.fabric8.mockwebserver.MockWebServer info
信息: MockWebServer[57413] received request: POST /api/v1/namespaces/test/events HTTP/1.1 and responded: HTTP/1.1 201 Created
7月 28, 2026 1:09:32 上午 io.fabric8.mockwebserver.MockWebServer info
信息: MockWebServer[57413] received request: POST /api/v1/namespaces/test/events HTTP/1.1 and responded: HTTP/1.1 201 Created
7月 28, 2026 1:09:32 上午 io.fabric8.mockwebserver.MockWebServer info
信息: MockWebServer[57413] received request: POST /api/v1/namespaces/test/events HTTP/1.1 and responded: HTTP/1.1 201 Created
7月 28, 2026 1:09:32 上午 io.fabric8.mockwebserver.MockWebServer info
信息: MockWebServer[57413] received request: POST /api/v1/namespaces/test/events HTTP/1.1 and responded: HTTP/1.1 201 Created
7月 28, 2026 1:09:32 上午 io.fabric8.mockwebserver.MockWebServer info
信息: MockWebServer[57413] received request: POST /api/v1/namespaces/test/events HTTP/1.1 and responded: HTTP/1.1 201 Created
7月 28, 2026 1:09:32 上午 io.fabric8.mockwebserver.MockWebServer info
信息: MockWebServer[57413] received request: POST /api/v1/namespaces/test/events HTTP/1.1 and responded: HTTP/1.1 201 Created
7月 28, 2026 1:09:32 上午 io.fabric8.mockwebserver.MockWebServer info
信息: MockWebServer[57413] received request: POST /api/v1/namespaces/test/events HTTP/1.1 and responded: HTTP/1.1 201 Created
7月 28, 2026 1:09:32 上午 io.fabric8.mockwebserver.MockWebServer info
信息: MockWebServer[57413] received request: POST /api/v1/namespaces/test/events HTTP/1.1 and responded: HTTP/1.1 201 Created
7月 28, 2026 1:09:32 上午 io.fabric8.mockwebserver.MockWebServer info
信息: MockWebServer[57413] received request: POST /api/v1/namespaces/test/events HTTP/1.1 and responded: HTTP/1.1 201 Created
7月 28, 2026 1:09:32 上午 io.fabric8.mockwebserver.MockWebServer info
信息: MockWebServer[57413] received request: POST /api/v1/namespaces/test/events HTTP/1.1 and responded: HTTP/1.1 201 Created
7月 28, 2026 1:09:32 上午 io.fabric8.mockwebserver.MockWebServer info
信息: MockWebServer[57413] received request: POST /api/v1/namespaces/test/events HTTP/1.1 and responded: HTTP/1.1 201 Created
7月 28, 2026 1:09:32 上午 io.fabric8.mockwebserver.MockWebServer info
信息: MockWebServer[57413] received request: POST /api/v1/namespaces/test/events HTTP/1.1 and responded: HTTP/1.1 201 Created
7月 28, 2026 1:09:32 上午 io.fabric8.mockwebserver.MockWebServer info
信息: MockWebServer[57413] received request: POST /api/v1/namespaces/test/events HTTP/1.1 and responded: HTTP/1.1 201 Created
7月 28, 2026 1:09:32 上午 io.fabric8.mockwebserver.MockWebServer info
信息: MockWebServer[57413] received request: POST /api/v1/namespaces/test/events HTTP/1.1 and responded: HTTP/1.1 201 Created
7月 28, 2026 1:09:32 上午 io.fabric8.mockwebserver.MockWebServer info
信息: MockWebServer[57413] received request: POST /api/v1/namespaces/test/events HTTP/1.1 and responded: HTTP/1.1 201 Created
7月 28, 2026 1:09:32 上午 io.fabric8.mockwebserver.MockWebServer info
信息: MockWebServer[57413] received request: POST /api/v1/namespaces/test/events HTTP/1.1 and responded: HTTP/1.1 201 Created
7月 28, 2026 1:09:32 上午 io.fabric8.mockwebserver.MockWebServer info
信息: MockWebServer[57413] received request: POST /api/v1/namespaces/test/events HTTP/1.1 and responded: HTTP/1.1 201 Created
7月 28, 2026 1:09:32 上午 io.fabric8.mockwebserver.MockWebServer info
信息: MockWebServer[57413] received request: POST /api/v1/namespaces/test/events HTTP/1.1 and responded: HTTP/1.1 201 Created
7月 28, 2026 1:09:32 上午 io.fabric8.mockwebserver.MockWebServer info
信息: MockWebServer[57413] received request: POST /api/v1/namespaces/test/events HTTP/1.1 and responded: HTTP/1.1 201 Created
7月 28, 2026 1:09:32 上午 io.fabric8.mockwebserver.MockWebServer info
信息: MockWebServer[57413] received request: POST /api/v1/namespaces/test/events HTTP/1.1 and responded: HTTP/1.1 201 Created
7月 28, 2026 1:09:32 上午 io.fabric8.mockwebserver.MockWebServer info
信息: MockWebServer[57413] received request: POST /api/v1/namespaces/test/events HTTP/1.1 and responded: HTTP/1.1 201 Created
7月 28, 2026 1:09:32 上午 io.fabric8.mockwebserver.MockWebServer info
信息: MockWebServer[57413] received request: POST /api/v1/namespaces/test/events HTTP/1.1 and responded: HTTP/1.1 201 Created
7月 28, 2026 1:09:32 上午 io.fabric8.mockwebserver.MockWebServer info
信息: MockWebServer[57413] received request: POST /api/v1/namespaces/test/events HTTP/1.1 and responded: HTTP/1.1 201 Created
7月 28, 2026 1:09:32 上午 io.fabric8.mockwebserver.MockWebServer info
信息: MockWebServer[57413] received request: POST /api/v1/namespaces/test/events HTTP/1.1 and responded: HTTP/1.1 201 Created
7月 28, 2026 1:09:32 上午 io.fabric8.mockwebserver.MockWebServer info
信息: MockWebServer[57413] received request: POST /api/v1/namespaces/test/events HTTP/1.1 and responded: HTTP/1.1 201 Created
7月 28, 2026 1:09:32 上午 io.fabric8.mockwebserver.MockWebServer info
信息: MockWebServer[57413] received request: POST /api/v1/namespaces/test/events HTTP/1.1 and responded: HTTP/1.1 201 Created
7月 28, 2026 1:09:32 上午 io.fabric8.mockwebserver.MockWebServer info
信息: MockWebServer[57413] received request: POST /api/v1/namespaces/test/events HTTP/1.1 and responded: HTTP/1.1 201 Created
7月 28, 2026 1:09:32 上午 io.fabric8.mockwebserver.MockWebServer info
信息: MockWebServer[57413] received request: POST /api/v1/namespaces/test/events HTTP/1.1 and responded: HTTP/1.1 201 Created
7月 28, 2026 1:09:32 上午 io.fabric8.mockwebserver.MockWebServer info
信息: MockWebServer[57413] received request: POST /api/v1/namespaces/test/events HTTP/1.1 and responded: HTTP/1.1 201 Created
7月 28, 2026 1:09:32 上午 io.fabric8.mockwebserver.MockWebServer info
信息: MockWebServer[57413] received request: POST /api/v1/namespaces/test/events HTTP/1.1 and responded: HTTP/1.1 201 Created
7月 28, 2026 1:09:32 上午 io.fabric8.mockwebserver.MockWebServer info
信息: MockWebServer[57413] received request: POST /api/v1/namespaces/test/events HTTP/1.1 and responded: HTTP/1.1 201 Created
7月 28, 2026 1:09:32 上午 io.fabric8.mockwebserver.MockWebServer info
信息: MockWebServer[57413] received request: POST /api/v1/namespaces/test/events HTTP/1.1 and responded: HTTP/1.1 201 Created
7月 28, 2026 1:09:32 上午 io.fabric8.mockwebserver.MockWebServer info
信息: MockWebServer[57413] received request: POST /api/v1/namespaces/test/events HTTP/1.1 and responded: HTTP/1.1 201 Created
7月 28, 2026 1:09:32 上午 io.fabric8.mockwebserver.MockWebServer info
信息: MockWebServer[57413] received request: POST /api/v1/namespaces/test/events HTTP/1.1 and responded: HTTP/1.1 201 Created
7月 28, 2026 1:09:32 上午 io.fabric8.mockwebserver.MockWebServer info
信息: MockWebServer[57413] received request: POST /api/v1/namespaces/test/events HTTP/1.1 and responded: HTTP/1.1 201 Created
7月 28, 2026 1:09:32 上午 io.fabric8.mockwebserver.MockWebServer info
信息: MockWebServer[57413] received request: POST /api/v1/namespaces/test/events HTTP/1.1 and responded: HTTP/1.1 201 Created
7月 28, 2026 1:09:32 上午 io.fabric8.mockwebserver.MockWebServer info
信息: MockWebServer[57413] received request: POST /api/v1/namespaces/test/events HTTP/1.1 and responded: HTTP/1.1 201 Created
7月 28, 2026 1:09:32 上午 io.fabric8.mockwebserver.MockWebServer info
信息: MockWebServer[57413] received request: POST /api/v1/namespaces/test/events HTTP/1.1 and responded: HTTP/1.1 201 Created
7月 28, 2026 1:09:32 上午 io.fabric8.mockwebserver.MockWebServer info
信息: MockWebServer[57413] received request: POST /api/v1/namespaces/test/events HTTP/1.1 and responded: HTTP/1.1 201 Created
7月 28, 2026 1:09:32 上午 io.fabric8.mockwebserver.MockWebServer info
信息: MockWebServer[57413] received request: POST /api/v1/namespaces/test/events HTTP/1.1 and responded: HTTP/1.1 201 Created
7月 28, 2026 1:09:32 上午 io.fabric8.mockwebserver.MockWebServer info
信息: MockWebServer[57413] received request: POST /api/v1/namespaces/test/events HTTP/1.1 and responded: HTTP/1.1 201 Created
7月 28, 2026 1:09:32 上午 io.fabric8.mockwebserver.MockWebServer info
信息: MockWebServer[57413] received request: POST /api/v1/namespaces/test/events HTTP/1.1 and responded: HTTP/1.1 201 Created
7月 28, 2026 1:09:32 上午 io.fabric8.mockwebserver.MockWebServer info
信息: MockWebServer[57413] received request: POST /api/v1/namespaces/test/events HTTP/1.1 and responded: HTTP/1.1 201 Created
7月 28, 2026 1:09:32 上午 io.fabric8.mockwebserver.MockWebServer info
信息: MockWebServer[57413] received request: POST /api/v1/namespaces/test/events HTTP/1.1 and responded: HTTP/1.1 201 Created
7月 28, 2026 1:09:32 上午 io.fabric8.mockwebserver.MockWebServer info
信息: MockWebServer[57413] received request: POST /api/v1/namespaces/test/events HTTP/1.1 and responded: HTTP/1.1 201 Created
7月 28, 2026 1:09:32 上午 io.fabric8.mockwebserver.MockWebServer info
信息: MockWebServer[57413] received request: POST /api/v1/namespaces/test/events HTTP/1.1 and responded: HTTP/1.1 201 Created
7月 28, 2026 1:09:32 上午 io.fabric8.mockwebserver.MockWebServer info
信息: MockWebServer[57413] received request: POST /api/v1/namespaces/test/events HTTP/1.1 and responded: HTTP/1.1 201 Created
7月 28, 2026 1:09:32 上午 io.fabric8.mockwebserver.MockWebServer info
信息: MockWebServer[57413] received request: POST /api/v1/namespaces/test/events HTTP/1.1 and responded: HTTP/1.1 201 Created
7月 28, 2026 1:09:32 上午 io.fabric8.mockwebserver.MockWebServer info
信息: MockWebServer[57413] received request: POST /api/v1/namespaces/test/events HTTP/1.1 and responded: HTTP/1.1 201 Created
7月 28, 2026 1:09:32 上午 io.fabric8.mockwebserver.MockWebServer info
信息: MockWebServer[57413] received request: POST /api/v1/namespaces/test/events HTTP/1.1 and responded: HTTP/1.1 201 Created
7月 28, 2026 1:09:32 上午 io.fabric8.mockwebserver.MockWebServer info
信息: MockWebServer[57413] received request: POST /api/v1/namespaces/test/events HTTP/1.1 and responded: HTTP/1.1 201 Created
7月 28, 2026 1:09:32 上午 io.fabric8.mockwebserver.MockWebServer info
信息: MockWebServer[57413] received request: POST /api/v1/namespaces/test/events HTTP/1.1 and responded: HTTP/1.1 201 Created
7月 28, 2026 1:09:32 上午 io.fabric8.mockwebserver.MockWebServer info
信息: MockWebServer[57413] received request: POST /api/v1/namespaces/test/events HTTP/1.1 and responded: HTTP/1.1 201 Created
7月 28, 2026 1:09:32 上午 io.fabric8.mockwebserver.MockWebServer info
信息: MockWebServer[57413] received request: POST /api/v1/namespaces/test/events HTTP/1.1 and responded: HTTP/1.1 201 Created
7月 28, 2026 1:09:32 上午 io.fabric8.mockwebserver.MockWebServer info
信息: MockWebServer[57413] received request: POST /api/v1/namespaces/test/events HTTP/1.1 and responded: HTTP/1.1 201 Created
7月 28, 2026 1:09:32 上午 io.fabric8.mockwebserver.MockWebServer info
信息: MockWebServer[57413] received request: POST /api/v1/namespaces/test/events HTTP/1.1 and responded: HTTP/1.1 201 Created
7月 28, 2026 1:09:32 上午 io.fabric8.mockwebserver.MockWebServer info
信息: MockWebServer[57413] received request: POST /api/v1/namespaces/test/events HTTP/1.1 and responded: HTTP/1.1 201 Created
7月 28, 2026 1:09:32 上午 io.fabric8.mockwebserver.MockWebServer info
信息: MockWebServer[57413] received request: POST /api/v1/namespaces/test/events HTTP/1.1 and responded: HTTP/1.1 201 Created
7月 28, 2026 1:09:32 上午 io.fabric8.mockwebserver.MockWebServer info
信息: MockWebServer[57413] received request: POST /api/v1/namespaces/test/events HTTP/1.1 and responded: HTTP/1.1 201 Created
7月 28, 2026 1:09:32 上午 io.fabric8.mockwebserver.MockWebServer info
信息: MockWebServer[57413] received request: POST /api/v1/namespaces/test/events HTTP/1.1 and responded: HTTP/1.1 201 Created
7月 28, 2026 1:09:32 上午 io.fabric8.mockwebserver.MockWebServer info
信息: MockWebServer[57413] received request: POST /api/v1/namespaces/test/events HTTP/1.1 and responded: HTTP/1.1 201 Created
7月 28, 2026 1:09:32 上午 io.fabric8.mockwebserver.MockWebServer info
信息: MockWebServer[57413] received request: POST /api/v1/namespaces/test/events HTTP/1.1 and responded: HTTP/1.1 201 Created
7月 28, 2026 1:09:32 上午 io.fabric8.mockwebserver.MockWebServer info
信息: MockWebServer[57413] received request: POST /api/v1/namespaces/test/events HTTP/1.1 and responded: HTTP/1.1 201 Created
7月 28, 2026 1:09:32 上午 io.fabric8.mockwebserver.MockWebServer info
信息: MockWebServer[57413] received request: POST /api/v1/namespaces/test/events HTTP/1.1 and responded: HTTP/1.1 201 Created
7月 28, 2026 1:09:32 上午 io.fabric8.mockwebserver.MockWebServer info
信息: MockWebServer[57413] received request: POST /api/v1/namespaces/test/events HTTP/1.1 and responded: HTTP/1.1 201 Created
7月 28, 2026 1:09:32 上午 io.fabric8.mockwebserver.MockWebServer info
信息: MockWebServer[57413] received request: POST /api/v1/namespaces/test/events HTTP/1.1 and responded: HTTP/1.1 201 Created
7月 28, 2026 1:09:32 上午 io.fabric8.mockwebserver.MockWebServer info
信息: MockWebServer[57413] received request: POST /api/v1/namespaces/test/events HTTP/1.1 and responded: HTTP/1.1 201 Created
7月 28, 2026 1:09:32 上午 io.fabric8.mockwebserver.MockWebServer info
信息: MockWebServer[57413] received request: POST /api/v1/namespaces/test/events HTTP/1.1 and responded: HTTP/1.1 201 Created
7月 28, 2026 1:09:32 上午 io.fabric8.mockwebserver.MockWebServer info
信息: MockWebServer[57413] received request: POST /api/v1/namespaces/test/events HTTP/1.1 and responded: HTTP/1.1 201 Created
7月 28, 2026 1:09:32 上午 io.fabric8.mockwebserver.MockWebServer info
信息: MockWebServer[57413] received request: POST /api/v1/namespaces/test/events HTTP/1.1 and responded: HTTP/1.1 201 Created
7月 28, 2026 1:09:32 上午 io.fabric8.mockwebserver.MockWebServer info
信息: MockWebServer[57413] received request: POST /api/v1/namespaces/test/events HTTP/1.1 and responded: HTTP/1.1 201 Created
7月 28, 2026 1:09:32 上午 io.fabric8.mockwebserver.MockWebServer info
信息: MockWebServer[57413] received request: POST /api/v1/namespaces/test/events HTTP/1.1 and responded: HTTP/1.1 201 Created
7月 28, 2026 1:09:32 上午 io.fabric8.mockwebserver.MockWebServer info
信息: MockWebServer[57413] received request: POST /api/v1/namespaces/test/events HTTP/1.1 and responded: HTTP/1.1 201 Created
7月 28, 2026 1:09:32 上午 io.fabric8.mockwebserver.MockWebServer info
信息: MockWebServer[57413] received request: POST /api/v1/namespaces/test/events HTTP/1.1 and responded: HTTP/1.1 201 Created
7月 28, 2026 1:09:32 上午 io.fabric8.mockwebserver.MockWebServer info
信息: MockWebServer[57413] received request: POST /api/v1/namespaces/test/events HTTP/1.1 and responded: HTTP/1.1 201 Created
7月 28, 2026 1:09:32 上午 io.fabric8.mockwebserver.MockWebServer info
信息: MockWebServer[57413] received request: POST /api/v1/namespaces/test/events HTTP/1.1 and responded: HTTP/1.1 201 Created
7月 28, 2026 1:09:32 上午 io.fabric8.mockwebserver.MockWebServer info
信息: MockWebServer[57413] received request: POST /api/v1/namespaces/test/events HTTP/1.1 and responded: HTTP/1.1 201 Created
7月 28, 2026 1:09:32 上午 io.fabric8.mockwebserver.MockWebServer info
信息: MockWebServer[57413] received request: POST /api/v1/namespaces/test/events HTTP/1.1 and responded: HTTP/1.1 201 Created
7月 28, 2026 1:09:32 上午 io.fabric8.mockwebserver.MockWebServer info
信息: MockWebServer[57413] received request: POST /api/v1/namespaces/test/events HTTP/1.1 and responded: HTTP/1.1 201 Created
7月 28, 2026 1:09:32 上午 io.fabric8.mockwebserver.MockWebServer info
信息: MockWebServer[57413] received request: POST /api/v1/namespaces/test/events HTTP/1.1 and responded: HTTP/1.1 201 Created
7月 28, 2026 1:09:32 上午 io.fabric8.mockwebserver.MockWebServer info
信息: MockWebServer[57413] received request: POST /api/v1/namespaces/test/events HTTP/1.1 and responded: HTTP/1.1 201 Created
7月 28, 2026 1:09:32 上午 io.fabric8.mockwebserver.MockWebServer info
信息: MockWebServer[57413] received request: POST /api/v1/namespaces/test/events HTTP/1.1 and responded: HTTP/1.1 201 Created
7月 28, 2026 1:09:32 上午 io.fabric8.mockwebserver.MockWebServer info
信息: MockWebServer[57413] received request: POST /api/v1/namespaces/test/events HTTP/1.1 and responded: HTTP/1.1 201 Created
7月 28, 2026 1:09:32 上午 io.fabric8.mockwebserver.MockWebServer info
信息: MockWebServer[57413] received request: POST /api/v1/namespaces/test/events HTTP/1.1 and responded: HTTP/1.1 201 Created
7月 28, 2026 1:09:32 上午 io.fabric8.mockwebserver.MockWebServer info
信息: MockWebServer[57413] received request: POST /api/v1/namespaces/test/events HTTP/1.1 and responded: HTTP/1.1 201 Created
7月 28, 2026 1:09:32 上午 io.fabric8.mockwebserver.MockWebServer info
信息: MockWebServer[57413] received request: POST /api/v1/namespaces/test/events HTTP/1.1 and responded: HTTP/1.1 201 Created
7月 28, 2026 1:09:32 上午 io.fabric8.mockwebserver.MockWebServer info
信息: MockWebServer[57413] received request: POST /api/v1/namespaces/test/events HTTP/1.1 and responded: HTTP/1.1 201 Created
7月 28, 2026 1:09:32 上午 io.fabric8.mockwebserver.MockWebServer info
信息: MockWebServer[57413] received request: POST /api/v1/namespaces/test/events HTTP/1.1 and responded: HTTP/1.1 201 Created
7月 28, 2026 1:09:32 上午 io.fabric8.mockwebserver.MockWebServer info
信息: MockWebServer[57413] received request: POST /api/v1/namespaces/test/events HTTP/1.1 and responded: HTTP/1.1 201 Created
7月 28, 2026 1:09:32 上午 io.fabric8.mockwebserver.MockWebServer info
信息: MockWebServer[57413] received request: POST /api/v1/namespaces/test/events HTTP/1.1 and responded: HTTP/1.1 201 Created
7月 28, 2026 1:09:32 上午 io.fabric8.mockwebserver.MockWebServer info
信息: MockWebServer[57413] received request: POST /api/v1/namespaces/test/events HTTP/1.1 and responded: HTTP/1.1 201 Created
7月 28, 2026 1:09:32 上午 io.fabric8.mockwebserver.MockWebServer info
信息: MockWebServer[57413] received request: POST /api/v1/namespaces/test/events HTTP/1.1 and responded: HTTP/1.1 201 Created
7月 28, 2026 1:09:32 上午 io.fabric8.mockwebserver.MockWebServer info
信息: MockWebServer[57413] received request: POST /api/v1/namespaces/test/events HTTP/1.1 and responded: HTTP/1.1 201 Created
7月 28, 2026 1:09:32 上午 io.fabric8.mockwebserver.MockWebServer info
信息: MockWebServer[57413] received request: POST /api/v1/namespaces/test/events HTTP/1.1 and responded: HTTP/1.1 201 Created
7月 28, 2026 1:09:32 上午 io.fabric8.mockwebserver.MockWebServer info
信息: MockWebServer[57413] received request: POST /api/v1/namespaces/test/events HTTP/1.1 and responded: HTTP/1.1 201 Created
7月 28, 2026 1:09:32 上午 io.fabric8.mockwebserver.MockWebServer info
信息: MockWebServer[57413] received request: POST /api/v1/namespaces/test/events HTTP/1.1 and responded: HTTP/1.1 201 Created
7月 28, 2026 1:09:32 上午 io.fabric8.mockwebserver.MockWebServer info
信息: MockWebServer[57413] received request: POST /api/v1/namespaces/test/events HTTP/1.1 and responded: HTTP/1.1 201 Created
7月 28, 2026 1:09:32 上午 io.fabric8.mockwebserver.MockWebServer info
信息: MockWebServer[57413] received request: POST /api/v1/namespaces/test/events HTTP/1.1 and responded: HTTP/1.1 201 Created
7月 28, 2026 1:09:32 上午 io.fabric8.mockwebserver.MockWebServer info
信息: MockWebServer[57413] received request: POST /api/v1/namespaces/test/events HTTP/1.1 and responded: HTTP/1.1 201 Created
7月 28, 2026 1:09:32 上午 io.fabric8.mockwebserver.MockWebServer info
信息: MockWebServer[57413] received request: POST /api/v1/namespaces/test/events HTTP/1.1 and responded: HTTP/1.1 201 Created
7月 28, 2026 1:09:32 上午 io.fabric8.mockwebserver.MockWebServer info
信息: MockWebServer[57413] received request: POST /api/v1/namespaces/test/events HTTP/1.1 and responded: HTTP/1.1 201 Created
7月 28, 2026 1:09:32 上午 io.fabric8.mockwebserver.MockWebServer info
信息: MockWebServer[57413] received request: POST /api/v1/namespaces/test/events HTTP/1.1 and responded: HTTP/1.1 201 Created
7月 28, 2026 1:09:32 上午 io.fabric8.mockwebserver.MockWebServer info
信息: MockWebServer[57413] received request: POST /api/v1/namespaces/test/events HTTP/1.1 and responded: HTTP/1.1 201 Created
7月 28, 2026 1:09:32 上午 io.fabric8.mockwebserver.MockWebServer info
信息: MockWebServer[57413] received request: POST /api/v1/namespaces/test/events HTTP/1.1 and responded: HTTP/1.1 201 Created
7月 28, 2026 1:09:32 上午 io.fabric8.mockwebserver.MockWebServer info
信息: MockWebServer[57413] received request: POST /api/v1/namespaces/test/events HTTP/1.1 and responded: HTTP/1.1 201 Created
7月 28, 2026 1:09:32 上午 io.fabric8.mockwebserver.MockWebServer info
信息: MockWebServer[57413] received request: POST /api/v1/namespaces/test/events HTTP/1.1 and responded: HTTP/1.1 201 Created
7月 28, 2026 1:09:32 上午 io.fabric8.mockwebserver.MockWebServer info
信息: MockWebServer[57413] received request: POST /api/v1/namespaces/test/events HTTP/1.1 and responded: HTTP/1.1 201 Created
7月 28, 2026 1:09:32 上午 io.fabric8.mockwebserver.MockWebServer info
信息: MockWebServer[57413] received request: POST /api/v1/namespaces/test/events HTTP/1.1 and responded: HTTP/1.1 201 Created
7月 28, 2026 1:09:32 上午 io.fabric8.mockwebserver.MockWebServer info
信息: MockWebServer[57413] received request: POST /api/v1/namespaces/test/events HTTP/1.1 and responded: HTTP/1.1 201 Created
7月 28, 2026 1:09:32 上午 io.fabric8.mockwebserver.MockWebServer info
信息: MockWebServer[57413] received request: POST /api/v1/namespaces/test/events HTTP/1.1 and responded: HTTP/1.1 201 Created
7月 28, 2026 1:09:32 上午 io.fabric8.mockwebserver.MockWebServer info
信息: MockWebServer[57413] received request: POST /api/v1/namespaces/test/events HTTP/1.1 and responded: HTTP/1.1 201 Created
7月 28, 2026 1:09:32 上午 io.fabric8.mockwebserver.MockWebServer info
信息: MockWebServer[57413] received request: POST /api/v1/namespaces/test/events HTTP/1.1 and responded: HTTP/1.1 201 Created
7月 28, 2026 1:09:32 上午 io.fabric8.mockwebserver.MockWebServer info
信息: MockWebServer[57413] received request: POST /api/v1/namespaces/test/events HTTP/1.1 and responded: HTTP/1.1 201 Created
7月 28, 2026 1:09:32 上午 io.fabric8.mockwebserver.MockWebServer info
信息: MockWebServer[57413] received request: POST /api/v1/namespaces/test/events HTTP/1.1 and responded: HTTP/1.1 201 Created
7月 28, 2026 1:09:32 上午 io.fabric8.mockwebserver.MockWebServer info
信息: MockWebServer[57413] received request: POST /api/v1/namespaces/test/events HTTP/1.1 and responded: HTTP/1.1 201 Created
7月 28, 2026 1:09:32 上午 io.fabric8.mockwebserver.MockWebServer info
信息: MockWebServer[57413] received request: POST /api/v1/namespaces/test/events HTTP/1.1 and responded: HTTP/1.1 201 Created
7月 28, 2026 1:09:32 上午 io.fabric8.mockwebserver.MockWebServer info
信息: MockWebServer[57413] received request: POST /api/v1/namespaces/test/events HTTP/1.1 and responded: HTTP/1.1 201 Created
7月 28, 2026 1:09:32 上午 io.fabric8.mockwebserver.MockWebServer info
信息: MockWebServer[57413] received request: POST /api/v1/namespaces/test/events HTTP/1.1 and responded: HTTP/1.1 201 Created
7月 28, 2026 1:09:32 上午 io.fabric8.mockwebserver.MockWebServer info
信息: MockWebServer[57413] received request: POST /api/v1/namespaces/test/events HTTP/1.1 and responded: HTTP/1.1 201 Created
7月 28, 2026 1:09:32 上午 io.fabric8.mockwebserver.MockWebServer info
信息: MockWebServer[57413] received request: POST /api/v1/namespaces/test/events HTTP/1.1 and responded: HTTP/1.1 201 Created
7月 28, 2026 1:09:32 上午 io.fabric8.mockwebserver.MockWebServer info
信息: MockWebServer[57413] received request: POST /api/v1/namespaces/test/events HTTP/1.1 and responded: HTTP/1.1 201 Created
7月 28, 2026 1:09:32 上午 io.fabric8.mockwebserver.MockWebServer info
信息: MockWebServer[57413] received request: POST /api/v1/namespaces/test/events HTTP/1.1 and responded: HTTP/1.1 201 Created
7月 28, 2026 1:09:32 上午 io.fabric8.mockwebserver.MockWebServer info
信息: MockWebServer[57413] received request: POST /api/v1/namespaces/test/events HTTP/1.1 and responded: HTTP/1.1 201 Created
7月 28, 2026 1:09:32 上午 io.fabric8.mockwebserver.MockWebServer info
信息: MockWebServer[57413] received request: POST /api/v1/namespaces/test/events HTTP/1.1 and responded: HTTP/1.1 201 Created
7月 28, 2026 1:09:32 上午 io.fabric8.mockwebserver.MockWebServer info
信息: MockWebServer[57413] received request: POST /api/v1/namespaces/test/events HTTP/1.1 and responded: HTTP/1.1 201 Created
7月 28, 2026 1:09:32 上午 io.fabric8.mockwebserver.MockWebServer info
信息: MockWebServer[57413] received request: POST /api/v1/namespaces/test/events HTTP/1.1 and responded: HTTP/1.1 201 Created
7月 28, 2026 1:09:32 上午 io.fabric8.mockwebserver.MockWebServer info
信息: MockWebServer[57413] received request: POST /api/v1/namespaces/test/events HTTP/1.1 and responded: HTTP/1.1 201 Created
7月 28, 2026 1:09:32 上午 io.fabric8.mockwebserver.MockWebServer info
信息: MockWebServer[57413] received request: POST /api/v1/namespaces/test/events HTTP/1.1 and responded: HTTP/1.1 201 Created
7月 28, 2026 1:09:32 上午 io.fabric8.mockwebserver.MockWebServer info
信息: MockWebServer[57413] received request: POST /api/v1/namespaces/test/events HTTP/1.1 and responded: HTTP/1.1 201 Created
7月 28, 2026 1:09:32 上午 io.fabric8.mockwebserver.MockWebServer info
信息: MockWebServer[57413] received request: POST /api/v1/namespaces/test/events HTTP/1.1 and responded: HTTP/1.1 201 Created
7月 28, 2026 1:09:32 上午 io.fabric8.mockwebserver.MockWebServer info
信息: MockWebServer[57413] received request: POST /api/v1/namespaces/test/events HTTP/1.1 and responded: HTTP/1.1 201 Created
7月 28, 2026 1:09:32 上午 io.fabric8.mockwebserver.MockWebServer info
信息: MockWebServer[57413] received request: POST /api/v1/namespaces/test/events HTTP/1.1 and responded: HTTP/1.1 201 Created
7月 28, 2026 1:09:32 上午 io.fabric8.mockwebserver.MockWebServer info
信息: MockWebServer[57413] received request: POST /api/v1/namespaces/test/events HTTP/1.1 and responded: HTTP/1.1 201 Created
7月 28, 2026 1:09:32 上午 io.fabric8.mockwebserver.MockWebServer info
信息: MockWebServer[57413] received request: POST /api/v1/namespaces/test/events HTTP/1.1 and responded: HTTP/1.1 201 Created
7月 28, 2026 1:09:32 上午 io.fabric8.mockwebserver.MockWebServer info
信息: MockWebServer[57413] received request: POST /api/v1/namespaces/test/events HTTP/1.1 and responded: HTTP/1.1 201 Created
7月 28, 2026 1:09:32 上午 io.fabric8.mockwebserver.MockWebServer info
信息: MockWebServer[57413] received request: POST /api/v1/namespaces/test/events HTTP/1.1 and responded: HTTP/1.1 201 Created
7月 28, 2026 1:09:32 上午 io.fabric8.mockwebserver.MockWebServer info
信息: MockWebServer[57413] received request: POST /api/v1/namespaces/test/events HTTP/1.1 and responded: HTTP/1.1 201 Created
7月 28, 2026 1:09:32 上午 io.fabric8.mockwebserver.MockWebServer info
信息: MockWebServer[57413] received request: POST /api/v1/namespaces/test/events HTTP/1.1 and responded: HTTP/1.1 201 Created
7月 28, 2026 1:09:32 上午 io.fabric8.mockwebserver.MockWebServer info
信息: MockWebServer[57413] received request: POST /api/v1/namespaces/test/events HTTP/1.1 and responded: HTTP/1.1 201 Created
7月 28, 2026 1:09:32 上午 io.fabric8.mockwebserver.MockWebServer info
信息: MockWebServer[57413] received request: POST /api/v1/namespaces/test/events HTTP/1.1 and responded: HTTP/1.1 201 Created
7月 28, 2026 1:09:32 上午 io.fabric8.mockwebserver.MockWebServer info
信息: MockWebServer[57413] received request: POST /api/v1/namespaces/test/events HTTP/1.1 and responded: HTTP/1.1 201 Created
7月 28, 2026 1:09:32 上午 io.fabric8.mockwebserver.MockWebServer info
信息: MockWebServer[57413] received request: POST /api/v1/namespaces/test/events HTTP/1.1 and responded: HTTP/1.1 201 Created
7月 28, 2026 1:09:32 上午 io.fabric8.mockwebserver.MockWebServer info
信息: MockWebServer[57413] received request: POST /api/v1/namespaces/test/events HTTP/1.1 and responded: HTTP/1.1 201 Created
7月 28, 2026 1:09:32 上午 io.fabric8.mockwebserver.MockWebServer info
信息: MockWebServer[57413] received request: POST /api/v1/namespaces/test/events HTTP/1.1 and responded: HTTP/1.1 201 Created
7月 28, 2026 1:09:32 上午 io.fabric8.mockwebserver.MockWebServer info
信息: MockWebServer[57413] received request: POST /api/v1/namespaces/test/events HTTP/1.1 and responded: HTTP/1.1 201 Created
7月 28, 2026 1:09:32 上午 io.fabric8.mockwebserver.MockWebServer info
信息: MockWebServer[57413] received request: POST /api/v1/namespaces/test/events HTTP/1.1 and responded: HTTP/1.1 201 Created
7月 28, 2026 1:09:32 上午 io.fabric8.mockwebserver.MockWebServer info
信息: MockWebServer[57413] received request: POST /api/v1/namespaces/test/events HTTP/1.1 and responded: HTTP/1.1 201 Created
7月 28, 2026 1:09:32 上午 io.fabric8.mockwebserver.MockWebServer info
信息: MockWebServer[57413] received request: POST /api/v1/namespaces/test/events HTTP/1.1 and responded: HTTP/1.1 201 Created
7月 28, 2026 1:09:32 上午 io.fabric8.mockwebserver.MockWebServer info
信息: MockWebServer[57413] received request: POST /api/v1/namespaces/test/events HTTP/1.1 and responded: HTTP/1.1 201 Created
7月 28, 2026 1:09:32 上午 io.fabric8.mockwebserver.MockWebServer info
信息: MockWebServer[57413] received request: POST /api/v1/namespaces/test/events HTTP/1.1 and responded: HTTP/1.1 201 Created
7月 28, 2026 1:09:32 上午 io.fabric8.mockwebserver.MockWebServer info
信息: MockWebServer[57413] received request: POST /api/v1/namespaces/test/events HTTP/1.1 and responded: HTTP/1.1 201 Created
7月 28, 2026 1:09:32 上午 io.fabric8.mockwebserver.MockWebServer info
信息: MockWebServer[57413] received request: POST /api/v1/namespaces/test/events HTTP/1.1 and responded: HTTP/1.1 201 Created
7月 28, 2026 1:09:32 上午 io.fabric8.mockwebserver.MockWebServer info
信息: MockWebServer[57413] received request: POST /api/v1/namespaces/test/events HTTP/1.1 and responded: HTTP/1.1 201 Created
7月 28, 2026 1:09:32 上午 io.fabric8.mockwebserver.MockWebServer info
信息: MockWebServer[57413] received request: POST /api/v1/namespaces/test/events HTTP/1.1 and responded: HTTP/1.1 201 Created
7月 28, 2026 1:09:32 上午 io.fabric8.mockwebserver.MockWebServer info
信息: MockWebServer[57413] received request: POST /api/v1/namespaces/test/events HTTP/1.1 and responded: HTTP/1.1 201 Created
7月 28, 2026 1:09:32 上午 io.fabric8.mockwebserver.MockWebServer info
信息: MockWebServer[57413] received request: POST /api/v1/namespaces/test/events HTTP/1.1 and responded: HTTP/1.1 201 Created
7月 28, 2026 1:09:32 上午 io.fabric8.mockwebserver.MockWebServer info
信息: MockWebServer[57413] received request: POST /api/v1/namespaces/test/events HTTP/1.1 and responded: HTTP/1.1 201 Created
7月 28, 2026 1:09:32 上午 io.fabric8.mockwebserver.MockWebServer info
信息: MockWebServer[57413] received request: POST /api/v1/namespaces/test/events HTTP/1.1 and responded: HTTP/1.1 201 Created
7月 28, 2026 1:09:32 上午 io.fabric8.mockwebserver.MockWebServer info
信息: MockWebServer[57413] received request: POST /api/v1/namespaces/test/events HTTP/1.1 and responded: HTTP/1.1 201 Created
7月 28, 2026 1:09:32 上午 io.fabric8.mockwebserver.MockWebServer info
信息: MockWebServer[57413] received request: POST /api/v1/namespaces/test/events HTTP/1.1 and responded: HTTP/1.1 201 Created
7月 28, 2026 1:09:32 上午 io.fabric8.mockwebserver.MockWebServer info
信息: MockWebServer[57413] received request: POST /api/v1/namespaces/test/events HTTP/1.1 and responded: HTTP/1.1 201 Created
7月 28, 2026 1:09:32 上午 io.fabric8.mockwebserver.MockWebServer info
信息: MockWebServer[57413] received request: POST /api/v1/namespaces/test/events HTTP/1.1 and responded: HTTP/1.1 201 Created
7月 28, 2026 1:09:32 上午 io.fabric8.mockwebserver.MockWebServer info
信息: MockWebServer[57413] received request: POST /api/v1/namespaces/test/events HTTP/1.1 and responded: HTTP/1.1 201 Created
7月 28, 2026 1:09:32 上午 io.fabric8.mockwebserver.MockWebServer info
信息: MockWebServer[57413] received request: POST /api/v1/namespaces/test/events HTTP/1.1 and responded: HTTP/1.1 201 Created
7月 28, 2026 1:09:32 上午 io.fabric8.mockwebserver.MockWebServer info
信息: MockWebServer[57413] received request: POST /api/v1/namespaces/test/events HTTP/1.1 and responded: HTTP/1.1 201 Created
7月 28, 2026 1:09:32 上午 io.fabric8.mockwebserver.MockWebServer info
信息: MockWebServer[57413] received request: POST /api/v1/namespaces/test/events HTTP/1.1 and responded: HTTP/1.1 201 Created
7月 28, 2026 1:09:32 上午 io.fabric8.mockwebserver.MockWebServer info
信息: MockWebServer[57413] received request: POST /api/v1/namespaces/test/events HTTP/1.1 and responded: HTTP/1.1 201 Created
7月 28, 2026 1:09:32 上午 io.fabric8.mockwebserver.MockWebServer info
信息: MockWebServer[57413] received request: POST /api/v1/namespaces/test/events HTTP/1.1 and responded: HTTP/1.1 201 Created
7月 28, 2026 1:09:32 上午 io.fabric8.mockwebserver.MockWebServer info
信息: MockWebServer[57413] received request: POST /api/v1/namespaces/test/events HTTP/1.1 and responded: HTTP/1.1 201 Created
7月 28, 2026 1:09:32 上午 io.fabric8.mockwebserver.MockWebServer info
信息: MockWebServer[57413] received request: POST /api/v1/namespaces/test/events HTTP/1.1 and responded: HTTP/1.1 201 Created
7月 28, 2026 1:09:32 上午 io.fabric8.mockwebserver.MockWebServer info
信息: MockWebServer[57413] received request: POST /api/v1/namespaces/test/events HTTP/1.1 and responded: HTTP/1.1 201 Created
7月 28, 2026 1:09:32 上午 io.fabric8.mockwebserver.MockWebServer info
信息: MockWebServer[57413] received request: POST /api/v1/namespaces/test/events HTTP/1.1 and responded: HTTP/1.1 201 Created
7月 28, 2026 1:09:32 上午 io.fabric8.mockwebserver.MockWebServer info
信息: MockWebServer[57413] received request: POST /api/v1/namespaces/test/events HTTP/1.1 and responded: HTTP/1.1 201 Created
7月 28, 2026 1:09:32 上午 io.fabric8.mockwebserver.MockWebServer info
信息: MockWebServer[57413] received request: POST /api/v1/namespaces/test/events HTTP/1.1 and responded: HTTP/1.1 201 Created
7月 28, 2026 1:09:32 上午 io.fabric8.mockwebserver.MockWebServer info
信息: MockWebServer[57413] received request: POST /api/v1/namespaces/test/events HTTP/1.1 and responded: HTTP/1.1 201 Created
7月 28, 2026 1:09:32 上午 io.fabric8.mockwebserver.MockWebServer info
信息: MockWebServer[57413] received request: POST /api/v1/namespaces/test/events HTTP/1.1 and responded: HTTP/1.1 201 Created
7月 28, 2026 1:09:32 上午 io.fabric8.mockwebserver.MockWebServer info
信息: MockWebServer[57413] received request: POST /api/v1/namespaces/test/events HTTP/1.1 and responded: HTTP/1.1 201 Created
7月 28, 2026 1:09:32 上午 io.fabric8.mockwebserver.MockWebServer info
信息: MockWebServer[57413] received request: POST /api/v1/namespaces/test/events HTTP/1.1 and responded: HTTP/1.1 201 Created
7月 28, 2026 1:09:32 上午 io.fabric8.mockwebserver.MockWebServer info
信息: MockWebServer[57413] received request: POST /api/v1/namespaces/test/events HTTP/1.1 and responded: HTTP/1.1 201 Created
7月 28, 2026 1:09:32 上午 io.fabric8.mockwebserver.MockWebServer info
信息: MockWebServer[57413] received request: POST /api/v1/namespaces/test/events HTTP/1.1 and responded: HTTP/1.1 201 Created
7月 28, 2026 1:09:32 上午 io.fabric8.mockwebserver.MockWebServer info
信息: MockWebServer[57413] received request: POST /api/v1/namespaces/test/events HTTP/1.1 and responded: HTTP/1.1 201 Created
7月 28, 2026 1:09:32 上午 io.fabric8.mockwebserver.MockWebServer info
信息: MockWebServer[57413] received request: POST /api/v1/namespaces/test/events HTTP/1.1 and responded: HTTP/1.1 201 Created
7月 28, 2026 1:09:32 上午 io.fabric8.mockwebserver.MockWebServer info
信息: MockWebServer[57413] received request: POST /api/v1/namespaces/test/events HTTP/1.1 and responded: HTTP/1.1 201 Created
7月 28, 2026 1:09:32 上午 io.fabric8.mockwebserver.MockWebServer info
信息: MockWebServer[57413] received request: POST /api/v1/namespaces/test/events HTTP/1.1 and responded: HTTP/1.1 201 Created
7月 28, 2026 1:09:32 上午 io.fabric8.mockwebserver.MockWebServer info
信息: MockWebServer[57413] received request: POST /api/v1/namespaces/test/events HTTP/1.1 and responded: HTTP/1.1 201 Created
7月 28, 2026 1:09:32 上午 io.fabric8.mockwebserver.MockWebServer info
信息: MockWebServer[57413] received request: POST /api/v1/namespaces/test/events HTTP/1.1 and responded: HTTP/1.1 201 Created
7月 28, 2026 1:09:32 上午 io.fabric8.mockwebserver.MockWebServer info
信息: MockWebServer[57413] received request: POST /api/v1/namespaces/test/events HTTP/1.1 and responded: HTTP/1.1 201 Created
7月 28, 2026 1:09:32 上午 io.fabric8.mockwebserver.MockWebServer info
信息: MockWebServer[57413] received request: POST /api/v1/namespaces/test/events HTTP/1.1 and responded: HTTP/1.1 201 Created
7月 28, 2026 1:09:32 上午 io.fabric8.mockwebserver.MockWebServer info
信息: MockWebServer[57413] received request: POST /api/v1/namespaces/test/events HTTP/1.1 and responded: HTTP/1.1 201 Created
7月 28, 2026 1:09:32 上午 io.fabric8.mockwebserver.MockWebServer info
信息: MockWebServer[57413] received request: POST /api/v1/namespaces/test/events HTTP/1.1 and responded: HTTP/1.1 201 Created
7月 28, 2026 1:09:32 上午 io.fabric8.mockwebserver.MockWebServer info
信息: MockWebServer[57413] received request: POST /api/v1/namespaces/test/events HTTP/1.1 and responded: HTTP/1.1 201 Created
7月 28, 2026 1:09:32 上午 io.fabric8.mockwebserver.MockWebServer info
信息: MockWebServer[57413] received request: POST /api/v1/namespaces/test/events HTTP/1.1 and responded: HTTP/1.1 201 Created
7月 28, 2026 1:09:32 上午 io.fabric8.mockwebserver.MockWebServer info
信息: MockWebServer[57413] received request: POST /api/v1/namespaces/test/events HTTP/1.1 and responded: HTTP/1.1 201 Created
7月 28, 2026 1:09:32 上午 io.fabric8.mockwebserver.MockWebServer info
信息: MockWebServer[57413] received request: POST /api/v1/namespaces/test/events HTTP/1.1 and responded: HTTP/1.1 201 Created
7月 28, 2026 1:09:32 上午 io.fabric8.mockwebserver.MockWebServer info
信息: MockWebServer[57413] received request: POST /api/v1/namespaces/test/events HTTP/1.1 and responded: HTTP/1.1 201 Created
7月 28, 2026 1:09:32 上午 io.fabric8.mockwebserver.MockWebServer info
信息: MockWebServer[57413] received request: POST /api/v1/namespaces/test/events HTTP/1.1 and responded: HTTP/1.1 201 Created
7月 28, 2026 1:09:32 上午 io.fabric8.mockwebserver.MockWebServer info
信息: MockWebServer[57413] received request: POST /api/v1/namespaces/test/events HTTP/1.1 and responded: HTTP/1.1 201 Created
7月 28, 2026 1:09:32 上午 io.fabric8.mockwebserver.MockWebServer info
信息: MockWebServer[57413] received request: POST /api/v1/namespaces/test/events HTTP/1.1 and responded: HTTP/1.1 201 Created
7月 28, 2026 1:09:32 上午 io.fabric8.mockwebserver.MockWebServer info
信息: MockWebServer[57413] received request: POST /api/v1/namespaces/test/events HTTP/1.1 and responded: HTTP/1.1 201 Created
7月 28, 2026 1:09:32 上午 io.fabric8.mockwebserver.MockWebServer info
信息: MockWebServer[57413] received request: POST /api/v1/namespaces/test/events HTTP/1.1 and responded: HTTP/1.1 201 Created
7月 28, 2026 1:09:32 上午 io.fabric8.mockwebserver.MockWebServer info
信息: MockWebServer[57413] received request: POST /api/v1/namespaces/test/events HTTP/1.1 and responded: HTTP/1.1 201 Created
7月 28, 2026 1:09:32 上午 io.fabric8.mockwebserver.MockWebServer info
信息: MockWebServer[57413] received request: POST /api/v1/namespaces/test/events HTTP/1.1 and responded: HTTP/1.1 201 Created
7月 28, 2026 1:09:32 上午 io.fabric8.mockwebserver.MockWebServer info
信息: MockWebServer[57413] received request: POST /api/v1/namespaces/test/events HTTP/1.1 and responded: HTTP/1.1 201 Created
7月 28, 2026 1:09:32 上午 io.fabric8.mockwebserver.MockWebServer info
信息: MockWebServer[57413] received request: POST /api/v1/namespaces/test/events HTTP/1.1 and responded: HTTP/1.1 201 Created
7月 28, 2026 1:09:32 上午 io.fabric8.mockwebserver.MockWebServer info
信息: MockWebServer[57413] received request: POST /api/v1/namespaces/test/events HTTP/1.1 and responded: HTTP/1.1 201 Created
7月 28, 2026 1:09:32 上午 io.fabric8.mockwebserver.MockWebServer info
信息: MockWebServer[57413] received request: POST /api/v1/namespaces/test/events HTTP/1.1 and responded: HTTP/1.1 201 Created
7月 28, 2026 1:09:32 上午 io.fabric8.mockwebserver.MockWebServer info
信息: MockWebServer[57413] received request: POST /api/v1/namespaces/test/events HTTP/1.1 and responded: HTTP/1.1 201 Created
7月 28, 2026 1:09:32 上午 io.fabric8.mockwebserver.MockWebServer info
信息: MockWebServer[57413] received request: POST /api/v1/namespaces/test/events HTTP/1.1 and responded: HTTP/1.1 201 Created
7月 28, 2026 1:09:32 上午 io.fabric8.mockwebserver.MockWebServer info
信息: MockWebServer[57413] received request: POST /api/v1/namespaces/test/events HTTP/1.1 and responded: HTTP/1.1 201 Created
7月 28, 2026 1:09:32 上午 io.fabric8.mockwebserver.MockWebServer info
信息: MockWebServer[57413] received request: POST /api/v1/namespaces/test/events HTTP/1.1 and responded: HTTP/1.1 201 Created
7月 28, 2026 1:09:32 上午 io.fabric8.mockwebserver.MockWebServer info
信息: MockWebServer[57413] received request: POST /api/v1/namespaces/test/events HTTP/1.1 and responded: HTTP/1.1 201 Created
7月 28, 2026 1:09:32 上午 io.fabric8.mockwebserver.MockWebServer info
信息: MockWebServer[57413] received request: POST /api/v1/namespaces/test/events HTTP/1.1 and responded: HTTP/1.1 201 Created
7月 28, 2026 1:09:32 上午 io.fabric8.mockwebserver.MockWebServer info
信息: MockWebServer[57413] received request: POST /api/v1/namespaces/test/events HTTP/1.1 and responded: HTTP/1.1 201 Created
7月 28, 2026 1:09:32 上午 io.fabric8.mockwebserver.MockWebServer info
信息: MockWebServer[57413] received request: POST /api/v1/namespaces/test/events HTTP/1.1 and responded: HTTP/1.1 201 Created
7月 28, 2026 1:09:32 上午 io.fabric8.mockwebserver.MockWebServer info
信息: MockWebServer[57413] received request: POST /api/v1/namespaces/test/events HTTP/1.1 and responded: HTTP/1.1 201 Created
7月 28, 2026 1:09:32 上午 io.fabric8.mockwebserver.MockWebServer info
信息: MockWebServer[57413] received request: POST /api/v1/namespaces/test/events HTTP/1.1 and responded: HTTP/1.1 201 Created
7月 28, 2026 1:09:32 上午 io.fabric8.mockwebserver.MockWebServer info
信息: MockWebServer[57413] received request: POST /api/v1/namespaces/test/events HTTP/1.1 and responded: HTTP/1.1 201 Created
7月 28, 2026 1:09:32 上午 io.fabric8.mockwebserver.MockWebServer info
信息: MockWebServer[57413] received request: POST /api/v1/namespaces/test/events HTTP/1.1 and responded: HTTP/1.1 201 Created
7月 28, 2026 1:09:32 上午 io.fabric8.mockwebserver.MockWebServer info
信息: MockWebServer[57413] received request: POST /api/v1/namespaces/test/events HTTP/1.1 and responded: HTTP/1.1 201 Created
7月 28, 2026 1:09:32 上午 io.fabric8.mockwebserver.MockWebServer info
信息: MockWebServer[57413] received request: POST /api/v1/namespaces/test/events HTTP/1.1 and responded: HTTP/1.1 201 Created
7月 28, 2026 1:09:32 上午 io.fabric8.mockwebserver.MockWebServer info
信息: MockWebServer[57413] received request: POST /api/v1/namespaces/test/events HTTP/1.1 and responded: HTTP/1.1 201 Created
7月 28, 2026 1:09:32 上午 io.fabric8.mockwebserver.MockWebServer info
信息: MockWebServer[57413] received request: POST /api/v1/namespaces/test/events HTTP/1.1 and responded: HTTP/1.1 201 Created
7月 28, 2026 1:09:32 上午 io.fabric8.mockwebserver.MockWebServer info
信息: MockWebServer[57413] received request: POST /api/v1/namespaces/test/events HTTP/1.1 and responded: HTTP/1.1 201 Created
7月 28, 2026 1:09:32 上午 io.fabric8.mockwebserver.MockWebServer info
信息: MockWebServer[57413] received request: POST /api/v1/namespaces/test/events HTTP/1.1 and responded: HTTP/1.1 201 Created
7月 28, 2026 1:09:32 上午 io.fabric8.mockwebserver.MockWebServer info
信息: MockWebServer[57413] received request: POST /api/v1/namespaces/test/events HTTP/1.1 and responded: HTTP/1.1 201 Created
7月 28, 2026 1:09:32 上午 io.fabric8.mockwebserver.MockWebServer info
信息: MockWebServer[57413] received request: POST /api/v1/namespaces/test/events HTTP/1.1 and responded: HTTP/1.1 201 Created
7月 28, 2026 1:09:32 上午 io.fabric8.mockwebserver.MockWebServer info
信息: MockWebServer[57413] received request: POST /api/v1/namespaces/test/events HTTP/1.1 and responded: HTTP/1.1 201 Created
7月 28, 2026 1:09:32 上午 io.fabric8.mockwebserver.MockWebServer info
信息: MockWebServer[57413] received request: POST /api/v1/namespaces/test/events HTTP/1.1 and responded: HTTP/1.1 201 Created
7月 28, 2026 1:09:32 上午 io.fabric8.mockwebserver.MockWebServer info
信息: MockWebServer[57413] received request: POST /api/v1/namespaces/test/events HTTP/1.1 and responded: HTTP/1.1 201 Created
7月 28, 2026 1:09:32 上午 io.fabric8.mockwebserver.MockWebServer info
信息: MockWebServer[57413] received request: POST /api/v1/namespaces/test/events HTTP/1.1 and responded: HTTP/1.1 201 Created
7月 28, 2026 1:09:32 上午 io.fabric8.mockwebserver.MockWebServer info
信息: MockWebServer[57413] received request: POST /api/v1/namespaces/test/events HTTP/1.1 and responded: HTTP/1.1 201 Created
7月 28, 2026 1:09:32 上午 io.fabric8.mockwebserver.MockWebServer info
信息: MockWebServer[57413] received request: POST /api/v1/namespaces/test/events HTTP/1.1 and responded: HTTP/1.1 201 Created
7月 28, 2026 1:09:32 上午 io.fabric8.mockwebserver.MockWebServer info
信息: MockWebServer[57413] received request: POST /api/v1/namespaces/test/events HTTP/1.1 and responded: HTTP/1.1 201 Created
7月 28, 2026 1:09:32 上午 io.fabric8.mockwebserver.MockWebServer info
信息: MockWebServer[57413] received request: POST /api/v1/namespaces/test/events HTTP/1.1 and responded: HTTP/1.1 201 Created
7月 28, 2026 1:09:32 上午 io.fabric8.mockwebserver.MockWebServer info
信息: MockWebServer[57413] received request: POST /api/v1/namespaces/test/events HTTP/1.1 and responded: HTTP/1.1 201 Created
7月 28, 2026 1:09:32 上午 io.fabric8.mockwebserver.MockWebServer info
信息: MockWebServer[57413] received request: POST /api/v1/namespaces/test/events HTTP/1.1 and responded: HTTP/1.1 201 Created
7月 28, 2026 1:09:32 上午 io.fabric8.mockwebserver.MockWebServer info
信息: MockWebServer[57413] received request: POST /api/v1/namespaces/test/events HTTP/1.1 and responded: HTTP/1.1 201 Created
7月 28, 2026 1:09:32 上午 io.fabric8.mockwebserver.MockWebServer info
信息: MockWebServer[57413] received request: POST /api/v1/namespaces/test/events HTTP/1.1 and responded: HTTP/1.1 201 Created
7月 28, 2026 1:09:32 上午 io.fabric8.mockwebserver.MockWebServer info
信息: MockWebServer[57413] received request: POST /api/v1/namespaces/test/events HTTP/1.1 and responded: HTTP/1.1 201 Created
7月 28, 2026 1:09:32 上午 io.fabric8.mockwebserver.MockWebServer info
信息: MockWebServer[57413] received request: POST /api/v1/namespaces/test/events HTTP/1.1 and responded: HTTP/1.1 201 Created
7月 28, 2026 1:09:32 上午 io.fabric8.mockwebserver.MockWebServer info
信息: MockWebServer[57413] received request: POST /api/v1/namespaces/test/events HTTP/1.1 and responded: HTTP/1.1 201 Created
7月 28, 2026 1:09:32 上午 io.fabric8.mockwebserver.MockWebServer info
信息: MockWebServer[57413] received request: POST /api/v1/namespaces/test/events HTTP/1.1 and responded: HTTP/1.1 201 Created
7月 28, 2026 1:09:32 上午 io.fabric8.mockwebserver.MockWebServer info
信息: MockWebServer[57413] received request: POST /api/v1/namespaces/test/events HTTP/1.1 and responded: HTTP/1.1 201 Created
7月 28, 2026 1:09:32 上午 io.fabric8.mockwebserver.MockWebServer info
信息: MockWebServer[57413] received request: POST /api/v1/namespaces/test/events HTTP/1.1 and responded: HTTP/1.1 201 Created
7月 28, 2026 1:09:32 上午 io.fabric8.mockwebserver.MockWebServer info
信息: MockWebServer[57413] received request: POST /api/v1/namespaces/test/events HTTP/1.1 and responded: HTTP/1.1 201 Created
7月 28, 2026 1:09:32 上午 io.fabric8.mockwebserver.MockWebServer info
信息: MockWebServer[57413] received request: POST /api/v1/namespaces/test/events HTTP/1.1 and responded: HTTP/1.1 201 Created
7月 28, 2026 1:09:32 上午 io.fabric8.mockwebserver.MockWebServer info
信息: MockWebServer[57413] received request: POST /api/v1/namespaces/test/events HTTP/1.1 and responded: HTTP/1.1 201 Created
7月 28, 2026 1:09:32 上午 io.fabric8.mockwebserver.MockWebServer info
信息: MockWebServer[57413] received request: POST /api/v1/namespaces/test/events HTTP/1.1 and responded: HTTP/1.1 201 Created
7月 28, 2026 1:09:32 上午 io.fabric8.mockwebserver.MockWebServer info
信息: MockWebServer[57413] received request: POST /api/v1/namespaces/test/events HTTP/1.1 and responded: HTTP/1.1 201 Created
7月 28, 2026 1:09:32 上午 io.fabric8.mockwebserver.MockWebServer info
信息: MockWebServer[57413] received request: POST /api/v1/namespaces/test/events HTTP/1.1 and responded: HTTP/1.1 201 Created
7月 28, 2026 1:09:32 上午 io.fabric8.mockwebserver.MockWebServer info
信息: MockWebServer[57413] received request: POST /api/v1/namespaces/test/events HTTP/1.1 and responded: HTTP/1.1 201 Created
7月 28, 2026 1:09:32 上午 io.fabric8.mockwebserver.MockWebServer info
信息: MockWebServer[57413] received request: POST /api/v1/namespaces/test/events HTTP/1.1 and responded: HTTP/1.1 201 Created
7月 28, 2026 1:09:32 上午 io.fabric8.mockwebserver.MockWebServer info
信息: MockWebServer[57413] received request: POST /api/v1/namespaces/test/events HTTP/1.1 and responded: HTTP/1.1 201 Created
7月 28, 2026 1:09:32 上午 io.fabric8.mockwebserver.MockWebServer info
信息: MockWebServer[57413] received request: POST /api/v1/namespaces/test/events HTTP/1.1 and responded: HTTP/1.1 201 Created
7月 28, 2026 1:09:32 上午 io.fabric8.mockwebserver.MockWebServer info
信息: MockWebServer[57413] received request: POST /api/v1/namespaces/test/events HTTP/1.1 and responded: HTTP/1.1 201 Created
7月 28, 2026 1:09:32 上午 io.fabric8.mockwebserver.MockWebServer info
信息: MockWebServer[57413] received request: POST /api/v1/namespaces/test/events HTTP/1.1 and responded: HTTP/1.1 201 Created
7月 28, 2026 1:09:32 上午 io.fabric8.mockwebserver.MockWebServer info
信息: MockWebServer[57413] received request: POST /api/v1/namespaces/test/events HTTP/1.1 and responded: HTTP/1.1 201 Created
7月 28, 2026 1:09:32 上午 io.fabric8.mockwebserver.MockWebServer info
信息: MockWebServer[57413] received request: POST /api/v1/namespaces/test/events HTTP/1.1 and responded: HTTP/1.1 201 Created
7月 28, 2026 1:09:32 上午 io.fabric8.mockwebserver.MockWebServer info
信息: MockWebServer[57413] received request: POST /api/v1/namespaces/test/events HTTP/1.1 and responded: HTTP/1.1 201 Created
7月 28, 2026 1:09:32 上午 io.fabric8.mockwebserver.MockWebServer info
信息: MockWebServer[57413] received request: POST /api/v1/namespaces/test/events HTTP/1.1 and responded: HTTP/1.1 201 Created
7月 28, 2026 1:09:32 上午 io.fabric8.mockwebserver.MockWebServer info
信息: MockWebServer[57413] received request: POST /api/v1/namespaces/test/events HTTP/1.1 and responded: HTTP/1.1 201 Created
7月 28, 2026 1:09:32 上午 io.fabric8.mockwebserver.MockWebServer info
信息: MockWebServer[57413] received request: POST /api/v1/namespaces/test/events HTTP/1.1 and responded: HTTP/1.1 201 Created
7月 28, 2026 1:09:32 上午 io.fabric8.mockwebserver.MockWebServer info
信息: MockWebServer[57413] received request: POST /api/v1/namespaces/test/events HTTP/1.1 and responded: HTTP/1.1 201 Created
7月 28, 2026 1:09:32 上午 io.fabric8.mockwebserver.MockWebServer info
信息: MockWebServer[57413] received request: POST /api/v1/namespaces/test/events HTTP/1.1 and responded: HTTP/1.1 201 Created
7月 28, 2026 1:09:32 上午 io.fabric8.mockwebserver.MockWebServer info
信息: MockWebServer[57413] received request: POST /api/v1/namespaces/test/events HTTP/1.1 and responded: HTTP/1.1 201 Created
7月 28, 2026 1:09:32 上午 io.fabric8.mockwebserver.MockWebServer info
信息: MockWebServer[57413] received request: POST /api/v1/namespaces/test/events HTTP/1.1 and responded: HTTP/1.1 201 Created
7月 28, 2026 1:09:32 上午 io.fabric8.mockwebserver.MockWebServer info
信息: MockWebServer[57413] received request: POST /api/v1/namespaces/test/events HTTP/1.1 and responded: HTTP/1.1 201 Created
7月 28, 2026 1:09:32 上午 io.fabric8.mockwebserver.MockWebServer info
信息: MockWebServer[57413] received request: POST /api/v1/namespaces/test/events HTTP/1.1 and responded: HTTP/1.1 201 Created
7月 28, 2026 1:09:32 上午 io.fabric8.mockwebserver.MockWebServer info
信息: MockWebServer[57413] received request: POST /api/v1/namespaces/test/events HTTP/1.1 and responded: HTTP/1.1 201 Created
7月 28, 2026 1:09:32 上午 io.fabric8.mockwebserver.MockWebServer info
信息: MockWebServer[57413] received request: POST /api/v1/namespaces/test/events HTTP/1.1 and responded: HTTP/1.1 201 Created
7月 28, 2026 1:09:32 上午 io.fabric8.mockwebserver.MockWebServer info
信息: MockWebServer[57413] received request: POST /api/v1/namespaces/test/events HTTP/1.1 and responded: HTTP/1.1 201 Created
7月 28, 2026 1:09:32 上午 io.fabric8.mockwebserver.MockWebServer info
信息: MockWebServer[57413] received request: POST /api/v1/namespaces/test/events HTTP/1.1 and responded: HTTP/1.1 201 Created
7月 28, 2026 1:09:32 上午 io.fabric8.mockwebserver.MockWebServer info
信息: MockWebServer[57413] received request: POST /api/v1/namespaces/test/events HTTP/1.1 and responded: HTTP/1.1 201 Created
7月 28, 2026 1:09:32 上午 io.fabric8.mockwebserver.MockWebServer info
信息: MockWebServer[57413] received request: POST /api/v1/namespaces/test/events HTTP/1.1 and responded: HTTP/1.1 201 Created
7月 28, 2026 1:09:32 上午 io.fabric8.mockwebserver.MockWebServer info
信息: MockWebServer[57413] received request: POST /api/v1/namespaces/test/events HTTP/1.1 and responded: HTTP/1.1 201 Created
7月 28, 2026 1:09:32 上午 io.fabric8.mockwebserver.MockWebServer info
信息: MockWebServer[57413] received request: POST /api/v1/namespaces/test/events HTTP/1.1 and responded: HTTP/1.1 201 Created
7月 28, 2026 1:09:32 上午 io.fabric8.mockwebserver.MockWebServer info
信息: MockWebServer[57413] received request: POST /api/v1/namespaces/test/events HTTP/1.1 and responded: HTTP/1.1 201 Created
7月 28, 2026 1:09:32 上午 io.fabric8.mockwebserver.MockWebServer info
信息: MockWebServer[57413] received request: POST /api/v1/namespaces/test/events HTTP/1.1 and responded: HTTP/1.1 201 Created
7月 28, 2026 1:09:32 上午 io.fabric8.mockwebserver.MockWebServer info
信息: MockWebServer[57413] received request: POST /api/v1/namespaces/test/events HTTP/1.1 and responded: HTTP/1.1 201 Created
7月 28, 2026 1:09:32 上午 io.fabric8.mockwebserver.MockWebServer info
信息: MockWebServer[57413] received request: POST /api/v1/namespaces/test/events HTTP/1.1 and responded: HTTP/1.1 201 Created
7月 28, 2026 1:09:32 上午 io.fabric8.mockwebserver.MockWebServer info
信息: MockWebServer[57413] received request: POST /api/v1/namespaces/test/events HTTP/1.1 and responded: HTTP/1.1 201 Created
7月 28, 2026 1:09:32 上午 io.fabric8.mockwebserver.MockWebServer info
信息: MockWebServer[57413] received request: POST /api/v1/namespaces/test/events HTTP/1.1 and responded: HTTP/1.1 201 Created
7月 28, 2026 1:09:32 上午 io.fabric8.mockwebserver.MockWebServer info
信息: MockWebServer[57413] received request: POST /api/v1/namespaces/test/events HTTP/1.1 and responded: HTTP/1.1 201 Created
7月 28, 2026 1:09:32 上午 io.fabric8.mockwebserver.MockWebServer info
信息: MockWebServer[57413] received request: POST /api/v1/namespaces/test/events HTTP/1.1 and responded: HTTP/1.1 201 Created
7月 28, 2026 1:09:32 上午 io.fabric8.mockwebserver.MockWebServer info
信息: MockWebServer[57413] received request: POST /api/v1/namespaces/test/events HTTP/1.1 and responded: HTTP/1.1 201 Created
7月 28, 2026 1:09:32 上午 io.fabric8.mockwebserver.MockWebServer info
信息: MockWebServer[57413] received request: POST /api/v1/namespaces/test/events HTTP/1.1 and responded: HTTP/1.1 201 Created
7月 28, 2026 1:09:32 上午 io.fabric8.mockwebserver.MockWebServer info
信息: MockWebServer[57413] received request: POST /api/v1/namespaces/test/events HTTP/1.1 and responded: HTTP/1.1 201 Created
7月 28, 2026 1:09:32 上午 io.fabric8.mockwebserver.MockWebServer info
信息: MockWebServer[57413] received request: POST /api/v1/namespaces/test/events HTTP/1.1 and responded: HTTP/1.1 201 Created
7月 28, 2026 1:09:32 上午 io.fabric8.mockwebserver.MockWebServer info
信息: MockWebServer[57413] received request: POST /api/v1/namespaces/test/events HTTP/1.1 and responded: HTTP/1.1 201 Created
7月 28, 2026 1:09:32 上午 io.fabric8.mockwebserver.MockWebServer info
信息: MockWebServer[57413] received request: POST /api/v1/namespaces/test/events HTTP/1.1 and responded: HTTP/1.1 201 Created
7月 28, 2026 1:09:32 上午 io.fabric8.mockwebserver.MockWebServer info
信息: MockWebServer[57413] received request: POST /api/v1/namespaces/test/events HTTP/1.1 and responded: HTTP/1.1 201 Created
7月 28, 2026 1:09:32 上午 io.fabric8.mockwebserver.MockWebServer info
信息: MockWebServer[57413] received request: POST /api/v1/namespaces/test/events HTTP/1.1 and responded: HTTP/1.1 201 Created
7月 28, 2026 1:09:32 上午 io.fabric8.mockwebserver.MockWebServer info
信息: MockWebServer[57413] received request: POST /api/v1/namespaces/test/events HTTP/1.1 and responded: HTTP/1.1 201 Created
7月 28, 2026 1:09:32 上午 io.fabric8.mockwebserver.MockWebServer info
信息: MockWebServer[57413] received request: POST /api/v1/namespaces/test/events HTTP/1.1 and responded: HTTP/1.1 201 Created
7月 28, 2026 1:09:32 上午 io.fabric8.mockwebserver.MockWebServer info
信息: MockWebServer[57413] received request: POST /api/v1/namespaces/test/events HTTP/1.1 and responded: HTTP/1.1 201 Created
7月 28, 2026 1:09:32 上午 io.fabric8.mockwebserver.MockWebServer info
信息: MockWebServer[57413] received request: POST /api/v1/namespaces/test/events HTTP/1.1 and responded: HTTP/1.1 201 Created
7月 28, 2026 1:09:32 上午 io.fabric8.mockwebserver.MockWebServer info
信息: MockWebServer[57413] received request: POST /api/v1/namespaces/test/events HTTP/1.1 and responded: HTTP/1.1 201 Created
7月 28, 2026 1:09:32 上午 io.fabric8.mockwebserver.MockWebServer info
信息: MockWebServer[57413] received request: POST /api/v1/namespaces/test/events HTTP/1.1 and responded: HTTP/1.1 201 Created
7月 28, 2026 1:09:32 上午 io.fabric8.mockwebserver.MockWebServer info
信息: MockWebServer[57413] received request: POST /api/v1/namespaces/test/events HTTP/1.1 and responded: HTTP/1.1 201 Created
7月 28, 2026 1:09:32 上午 io.fabric8.mockwebserver.MockWebServer info
信息: MockWebServer[57413] received request: POST /api/v1/namespaces/test/events HTTP/1.1 and responded: HTTP/1.1 201 Created
7月 28, 2026 1:09:32 上午 io.fabric8.mockwebserver.MockWebServer info
信息: MockWebServer[57413] received request: POST /api/v1/namespaces/test/events HTTP/1.1 and responded: HTTP/1.1 201 Created
7月 28, 2026 1:09:32 上午 io.fabric8.mockwebserver.MockWebServer info
信息: MockWebServer[57413] received request: POST /api/v1/namespaces/test/events HTTP/1.1 and responded: HTTP/1.1 201 Created
7月 28, 2026 1:09:32 上午 io.fabric8.mockwebserver.MockWebServer info
信息: MockWebServer[57413] received request: POST /api/v1/namespaces/test/events HTTP/1.1 and responded: HTTP/1.1 201 Created
7月 28, 2026 1:09:32 上午 io.fabric8.mockwebserver.MockWebServer info
信息: MockWebServer[57413] received request: POST /api/v1/namespaces/test/events HTTP/1.1 and responded: HTTP/1.1 201 Created
7月 28, 2026 1:09:32 上午 io.fabric8.mockwebserver.MockWebServer info
信息: MockWebServer[57413] received request: POST /api/v1/namespaces/test/events HTTP/1.1 and responded: HTTP/1.1 201 Created
7月 28, 2026 1:09:32 上午 io.fabric8.mockwebserver.MockWebServer info
信息: MockWebServer[57413] received request: POST /api/v1/namespaces/test/events HTTP/1.1 and responded: HTTP/1.1 201 Created
7月 28, 2026 1:09:32 上午 io.fabric8.mockwebserver.MockWebServer info
信息: MockWebServer[57413] received request: POST /api/v1/namespaces/test/events HTTP/1.1 and responded: HTTP/1.1 201 Created
7月 28, 2026 1:09:32 上午 io.fabric8.mockwebserver.MockWebServer info
信息: MockWebServer[57413] received request: POST /api/v1/namespaces/test/events HTTP/1.1 and responded: HTTP/1.1 201 Created
7月 28, 2026 1:09:32 上午 io.fabric8.mockwebserver.MockWebServer info
信息: MockWebServer[57413] received request: POST /api/v1/namespaces/test/events HTTP/1.1 and responded: HTTP/1.1 201 Created
7月 28, 2026 1:09:32 上午 io.fabric8.mockwebserver.MockWebServer info
信息: MockWebServer[57413] received request: POST /api/v1/namespaces/test/events HTTP/1.1 and responded: HTTP/1.1 201 Created
7月 28, 2026 1:09:32 上午 io.fabric8.mockwebserver.MockWebServer info
信息: MockWebServer[57413] received request: POST /api/v1/namespaces/test/events HTTP/1.1 and responded: HTTP/1.1 201 Created
7月 28, 2026 1:09:32 上午 io.fabric8.mockwebserver.MockWebServer info
信息: MockWebServer[57413] received request: POST /api/v1/namespaces/test/events HTTP/1.1 and responded: HTTP/1.1 201 Created
7月 28, 2026 1:09:32 上午 io.fabric8.mockwebserver.MockWebServer info
信息: MockWebServer[57413] received request: POST /api/v1/namespaces/test/events HTTP/1.1 and responded: HTTP/1.1 201 Created
7月 28, 2026 1:09:32 上午 io.fabric8.mockwebserver.MockWebServer info
信息: MockWebServer[57413] received request: POST /api/v1/namespaces/test/events HTTP/1.1 and responded: HTTP/1.1 201 Created
7月 28, 2026 1:09:32 上午 io.fabric8.mockwebserver.MockWebServer info
信息: MockWebServer[57413] received request: POST /api/v1/namespaces/test/events HTTP/1.1 and responded: HTTP/1.1 201 Created
7月 28, 2026 1:09:32 上午 io.fabric8.mockwebserver.MockWebServer info
信息: MockWebServer[57413] received request: POST /api/v1/namespaces/test/events HTTP/1.1 and responded: HTTP/1.1 201 Created
7月 28, 2026 1:09:32 上午 io.fabric8.mockwebserver.MockWebServer info
信息: MockWebServer[57413] received request: POST /api/v1/namespaces/test/events HTTP/1.1 and responded: HTTP/1.1 201 Created
7月 28, 2026 1:09:32 上午 io.fabric8.mockwebserver.MockWebServer info
信息: MockWebServer[57413] received request: POST /api/v1/namespaces/test/events HTTP/1.1 and responded: HTTP/1.1 201 Created
7月 28, 2026 1:09:32 上午 io.fabric8.mockwebserver.MockWebServer info
信息: MockWebServer[57413] received request: POST /api/v1/namespaces/test/events HTTP/1.1 and responded: HTTP/1.1 201 Created
7月 28, 2026 1:09:32 上午 io.fabric8.mockwebserver.MockWebServer info
信息: MockWebServer[57413] received request: POST /api/v1/namespaces/test/events HTTP/1.1 and responded: HTTP/1.1 201 Created
7月 28, 2026 1:09:32 上午 io.fabric8.mockwebserver.MockWebServer info
信息: MockWebServer[57413] received request: POST /api/v1/namespaces/test/events HTTP/1.1 and responded: HTTP/1.1 201 Created
7月 28, 2026 1:09:32 上午 io.fabric8.mockwebserver.MockWebServer info
信息: MockWebServer[57413] received request: POST /api/v1/namespaces/test/events HTTP/1.1 and responded: HTTP/1.1 201 Created
7月 28, 2026 1:09:32 上午 io.fabric8.mockwebserver.MockWebServer info
信息: MockWebServer[57413] received request: POST /api/v1/namespaces/test/events HTTP/1.1 and responded: HTTP/1.1 201 Created
7月 28, 2026 1:09:32 上午 io.fabric8.mockwebserver.MockWebServer info
信息: MockWebServer[57413] received request: POST /api/v1/namespaces/test/events HTTP/1.1 and responded: HTTP/1.1 201 Created
7月 28, 2026 1:09:32 上午 io.fabric8.mockwebserver.MockWebServer info
信息: MockWebServer[57413] received request: POST /api/v1/namespaces/test/events HTTP/1.1 and responded: HTTP/1.1 201 Created
7月 28, 2026 1:09:32 上午 io.fabric8.mockwebserver.MockWebServer info
信息: MockWebServer[57413] received request: POST /api/v1/namespaces/test/events HTTP/1.1 and responded: HTTP/1.1 201 Created
7月 28, 2026 1:09:32 上午 io.fabric8.mockwebserver.MockWebServer info
信息: MockWebServer[57413] received request: POST /api/v1/namespaces/test/events HTTP/1.1 and responded: HTTP/1.1 201 Created
7月 28, 2026 1:09:32 上午 io.fabric8.mockwebserver.MockWebServer info
信息: MockWebServer[57413] received request: POST /api/v1/namespaces/test/events HTTP/1.1 and responded: HTTP/1.1 201 Created
7月 28, 2026 1:09:32 上午 io.fabric8.mockwebserver.MockWebServer info
信息: MockWebServer[57413] received request: POST /api/v1/namespaces/test/events HTTP/1.1 and responded: HTTP/1.1 201 Created
7月 28, 2026 1:09:32 上午 io.fabric8.mockwebserver.MockWebServer info
信息: MockWebServer[57413] received request: POST /api/v1/namespaces/test/events HTTP/1.1 and responded: HTTP/1.1 201 Created
7月 28, 2026 1:09:32 上午 io.fabric8.mockwebserver.MockWebServer info
信息: MockWebServer[57413] received request: POST /api/v1/namespaces/test/events HTTP/1.1 and responded: HTTP/1.1 201 Created
7月 28, 2026 1:09:32 上午 io.fabric8.mockwebserver.MockWebServer info
信息: MockWebServer[57413] received request: POST /api/v1/namespaces/test/events HTTP/1.1 and responded: HTTP/1.1 201 Created
7月 28, 2026 1:09:32 上午 io.fabric8.mockwebserver.MockWebServer info
信息: MockWebServer[57413] received request: POST /api/v1/namespaces/test/events HTTP/1.1 and responded: HTTP/1.1 201 Created
7月 28, 2026 1:09:32 上午 io.fabric8.mockwebserver.MockWebServer info
信息: MockWebServer[57413] received request: POST /api/v1/namespaces/test/events HTTP/1.1 and responded: HTTP/1.1 201 Created
7月 28, 2026 1:09:32 上午 io.fabric8.mockwebserver.MockWebServer info
信息: MockWebServer[57413] received request: POST /api/v1/namespaces/test/events HTTP/1.1 and responded: HTTP/1.1 201 Created
7月 28, 2026 1:09:32 上午 io.fabric8.mockwebserver.MockWebServer info
信息: MockWebServer[57413] received request: POST /api/v1/namespaces/test/events HTTP/1.1 and responded: HTTP/1.1 201 Created
7月 28, 2026 1:09:32 上午 io.fabric8.mockwebserver.MockWebServer info
信息: MockWebServer[57413] received request: POST /api/v1/namespaces/test/events HTTP/1.1 and responded: HTTP/1.1 201 Created
7月 28, 2026 1:09:32 上午 io.fabric8.mockwebserver.MockWebServer info
信息: MockWebServer[57413] received request: POST /api/v1/namespaces/test/events HTTP/1.1 and responded: HTTP/1.1 201 Created
7月 28, 2026 1:09:32 上午 io.fabric8.mockwebserver.MockWebServer info
信息: MockWebServer[57413] received request: POST /api/v1/namespaces/test/events HTTP/1.1 and responded: HTTP/1.1 201 Created
7月 28, 2026 1:09:32 上午 io.fabric8.mockwebserver.MockWebServer info
信息: MockWebServer[57413] received request: POST /api/v1/namespaces/test/events HTTP/1.1 and responded: HTTP/1.1 201 Created
7月 28, 2026 1:09:32 上午 io.fabric8.mockwebserver.MockWebServer info
信息: MockWebServer[57413] received request: POST /api/v1/namespaces/test/events HTTP/1.1 and responded: HTTP/1.1 201 Created
7月 28, 2026 1:09:32 上午 io.fabric8.mockwebserver.MockWebServer info
信息: MockWebServer[57413] received request: POST /api/v1/namespaces/test/events HTTP/1.1 and responded: HTTP/1.1 201 Created
7月 28, 2026 1:09:32 上午 io.fabric8.mockwebserver.MockWebServer info
信息: MockWebServer[57413] received request: POST /api/v1/namespaces/test/events HTTP/1.1 and responded: HTTP/1.1 201 Created
7月 28, 2026 1:09:32 上午 io.fabric8.mockwebserver.MockWebServer info
信息: MockWebServer[57413] received request: POST /api/v1/namespaces/test/events HTTP/1.1 and responded: HTTP/1.1 201 Created
7月 28, 2026 1:09:32 上午 io.fabric8.mockwebserver.MockWebServer info
信息: MockWebServer[57413] received request: POST /api/v1/namespaces/test/events HTTP/1.1 and responded: HTTP/1.1 201 Created
7月 28, 2026 1:09:32 上午 io.fabric8.mockwebserver.MockWebServer info
信息: MockWebServer[57413] received request: POST /api/v1/namespaces/test/events HTTP/1.1 and responded: HTTP/1.1 201 Created
7月 28, 2026 1:09:32 上午 io.fabric8.mockwebserver.MockWebServer info
信息: MockWebServer[57413] received request: POST /api/v1/namespaces/test/events HTTP/1.1 and responded: HTTP/1.1 201 Created
7月 28, 2026 1:09:32 上午 io.fabric8.mockwebserver.MockWebServer info
信息: MockWebServer[57413] received request: POST /api/v1/namespaces/test/events HTTP/1.1 and responded: HTTP/1.1 201 Created
7月 28, 2026 1:09:32 上午 io.fabric8.mockwebserver.MockWebServer info
信息: MockWebServer[57413] received request: POST /api/v1/namespaces/test/events HTTP/1.1 and responded: HTTP/1.1 201 Created
7月 28, 2026 1:09:32 上午 io.fabric8.mockwebserver.MockWebServer info
信息: MockWebServer[57413] received request: POST /api/v1/namespaces/test/events HTTP/1.1 and responded: HTTP/1.1 201 Created
7月 28, 2026 1:09:32 上午 io.fabric8.mockwebserver.MockWebServer info
信息: MockWebServer[57413] received request: POST /api/v1/namespaces/test/events HTTP/1.1 and responded: HTTP/1.1 201 Created
7月 28, 2026 1:09:32 上午 io.fabric8.mockwebserver.MockWebServer info
信息: MockWebServer[57413] received request: POST /api/v1/namespaces/test/events HTTP/1.1 and responded: HTTP/1.1 201 Created
7月 28, 2026 1:09:32 上午 io.fabric8.mockwebserver.MockWebServer info
信息: MockWebServer[57413] received request: POST /api/v1/namespaces/test/events HTTP/1.1 and responded: HTTP/1.1 201 Created
7月 28, 2026 1:09:32 上午 io.fabric8.mockwebserver.MockWebServer info
信息: MockWebServer[57413] received request: POST /api/v1/namespaces/test/events HTTP/1.1 and responded: HTTP/1.1 201 Created
7月 28, 2026 1:09:32 上午 io.fabric8.mockwebserver.MockWebServer info
信息: MockWebServer[57413] received request: POST /api/v1/namespaces/test/events HTTP/1.1 and responded: HTTP/1.1 201 Created
7月 28, 2026 1:09:32 上午 io.fabric8.mockwebserver.MockWebServer info
信息: MockWebServer[57413] received request: POST /api/v1/namespaces/test/events HTTP/1.1 and responded: HTTP/1.1 201 Created
7月 28, 2026 1:09:32 上午 io.fabric8.mockwebserver.MockWebServer info
信息: MockWebServer[57413] received request: POST /api/v1/namespaces/test/events HTTP/1.1 and responded: HTTP/1.1 201 Created
7月 28, 2026 1:09:32 上午 io.fabric8.mockwebserver.MockWebServer info
信息: MockWebServer[57413] received request: POST /api/v1/namespaces/test/events HTTP/1.1 and responded: HTTP/1.1 201 Created
7月 28, 2026 1:09:32 上午 io.fabric8.mockwebserver.MockWebServer info
信息: MockWebServer[57413] received request: POST /api/v1/namespaces/test/events HTTP/1.1 and responded: HTTP/1.1 201 Created
7月 28, 2026 1:09:32 上午 io.fabric8.mockwebserver.MockWebServer info
信息: MockWebServer[57413] received request: POST /api/v1/namespaces/test/events HTTP/1.1 and responded: HTTP/1.1 201 Created
7月 28, 2026 1:09:32 上午 io.fabric8.mockwebserver.MockWebServer info
信息: MockWebServer[57413] received request: POST /api/v1/namespaces/test/events HTTP/1.1 and responded: HTTP/1.1 201 Created
7月 28, 2026 1:09:32 上午 io.fabric8.mockwebserver.MockWebServer info
信息: MockWebServer[57413] received request: POST /api/v1/namespaces/test/events HTTP/1.1 and responded: HTTP/1.1 201 Created
7月 28, 2026 1:09:32 上午 io.fabric8.mockwebserver.MockWebServer info
信息: MockWebServer[57413] received request: POST /api/v1/namespaces/test/events HTTP/1.1 and responded: HTTP/1.1 201 Created
7月 28, 2026 1:09:32 上午 io.fabric8.mockwebserver.MockWebServer info
信息: MockWebServer[57413] received request: POST /api/v1/namespaces/test/events HTTP/1.1 and responded: HTTP/1.1 201 Created
7月 28, 2026 1:09:32 上午 io.fabric8.mockwebserver.MockWebServer info
信息: MockWebServer[57413] received request: POST /api/v1/namespaces/test/events HTTP/1.1 and responded: HTTP/1.1 201 Created
7月 28, 2026 1:09:32 上午 io.fabric8.mockwebserver.MockWebServer info
信息: MockWebServer[57413] received request: POST /api/v1/namespaces/test/events HTTP/1.1 and responded: HTTP/1.1 201 Created
7月 28, 2026 1:09:32 上午 io.fabric8.mockwebserver.MockWebServer info
信息: MockWebServer[57413] received request: POST /api/v1/namespaces/test/events HTTP/1.1 and responded: HTTP/1.1 201 Created
7月 28, 2026 1:09:32 上午 io.fabric8.mockwebserver.MockWebServer info
信息: MockWebServer[57413] received request: POST /api/v1/namespaces/test/events HTTP/1.1 and responded: HTTP/1.1 201 Created
7月 28, 2026 1:09:32 上午 io.fabric8.mockwebserver.MockWebServer info
信息: MockWebServer[57413] received request: POST /api/v1/namespaces/test/events HTTP/1.1 and responded: HTTP/1.1 201 Created
7月 28, 2026 1:09:32 上午 io.fabric8.mockwebserver.MockWebServer info
信息: MockWebServer[57413] received request: POST /api/v1/namespaces/test/events HTTP/1.1 and responded: HTTP/1.1 201 Created
7月 28, 2026 1:09:32 上午 io.fabric8.mockwebserver.MockWebServer info
信息: MockWebServer[57413] received request: POST /api/v1/namespaces/test/events HTTP/1.1 and responded: HTTP/1.1 201 Created
7月 28, 2026 1:09:32 上午 io.fabric8.mockwebserver.MockWebServer info
信息: MockWebServer[57413] received request: POST /api/v1/namespaces/test/events HTTP/1.1 and responded: HTTP/1.1 201 Created
7月 28, 2026 1:09:32 上午 io.fabric8.mockwebserver.MockWebServer info
信息: MockWebServer[57413] received request: POST /api/v1/namespaces/test/events HTTP/1.1 and responded: HTTP/1.1 201 Created
7月 28, 2026 1:09:32 上午 io.fabric8.mockwebserver.MockWebServer info
信息: MockWebServer[57413] received request: POST /api/v1/namespaces/test/events HTTP/1.1 and responded: HTTP/1.1 201 Created
7月 28, 2026 1:09:32 上午 io.fabric8.mockwebserver.MockWebServer info
信息: MockWebServer[57413] received request: POST /api/v1/namespaces/test/events HTTP/1.1 and responded: HTTP/1.1 201 Created
7月 28, 2026 1:09:32 上午 io.fabric8.mockwebserver.MockWebServer info
信息: MockWebServer[57413] received request: POST /api/v1/namespaces/test/events HTTP/1.1 and responded: HTTP/1.1 201 Created
7月 28, 2026 1:09:32 上午 io.fabric8.mockwebserver.MockWebServer info
信息: MockWebServer[57413] received request: POST /api/v1/namespaces/test/events HTTP/1.1 and responded: HTTP/1.1 201 Created
7月 28, 2026 1:09:32 上午 io.fabric8.mockwebserver.MockWebServer info
信息: MockWebServer[57413] received request: POST /api/v1/namespaces/test/events HTTP/1.1 and responded: HTTP/1.1 201 Created
7月 28, 2026 1:09:32 上午 io.fabric8.mockwebserver.MockWebServer info
信息: MockWebServer[57413] received request: POST /api/v1/namespaces/test/events HTTP/1.1 and responded: HTTP/1.1 201 Created
7月 28, 2026 1:09:32 上午 io.fabric8.mockwebserver.MockWebServer info
信息: MockWebServer[57413] received request: POST /api/v1/namespaces/test/events HTTP/1.1 and responded: HTTP/1.1 201 Created
7月 28, 2026 1:09:32 上午 io.fabric8.mockwebserver.MockWebServer info
信息: MockWebServer[57413] received request: POST /api/v1/namespaces/test/events HTTP/1.1 and responded: HTTP/1.1 201 Created
7月 28, 2026 1:09:32 上午 io.fabric8.mockwebserver.MockWebServer info
信息: MockWebServer[57413] received request: POST /api/v1/namespaces/test/events HTTP/1.1 and responded: HTTP/1.1 201 Created
7月 28, 2026 1:09:32 上午 io.fabric8.mockwebserver.MockWebServer info
信息: MockWebServer[57413] received request: POST /api/v1/namespaces/test/events HTTP/1.1 and responded: HTTP/1.1 201 Created
7月 28, 2026 1:09:32 上午 io.fabric8.mockwebserver.MockWebServer info
信息: MockWebServer[57413] received request: POST /api/v1/namespaces/test/events HTTP/1.1 and responded: HTTP/1.1 201 Created
7月 28, 2026 1:09:32 上午 io.fabric8.mockwebserver.MockWebServer info
信息: MockWebServer[57413] received request: POST /api/v1/namespaces/test/events HTTP/1.1 and responded: HTTP/1.1 201 Created
7月 28, 2026 1:09:32 上午 io.fabric8.mockwebserver.MockWebServer info
信息: MockWebServer[57413] received request: POST /api/v1/namespaces/test/events HTTP/1.1 and responded: HTTP/1.1 201 Created
7月 28, 2026 1:09:32 上午 io.fabric8.mockwebserver.MockWebServer info
信息: MockWebServer[57413] received request: POST /api/v1/namespaces/test/events HTTP/1.1 and responded: HTTP/1.1 201 Created
7月 28, 2026 1:09:32 上午 io.fabric8.mockwebserver.MockWebServer info
信息: MockWebServer[57413] received request: POST /api/v1/namespaces/test/events HTTP/1.1 and responded: HTTP/1.1 201 Created
7月 28, 2026 1:09:32 上午 io.fabric8.mockwebserver.MockWebServer info
信息: MockWebServer[57413] received request: POST /api/v1/namespaces/test/events HTTP/1.1 and responded: HTTP/1.1 201 Created
7月 28, 2026 1:09:32 上午 io.fabric8.mockwebserver.MockWebServer info
信息: MockWebServer[57413] received request: POST /api/v1/namespaces/test/events HTTP/1.1 and responded: HTTP/1.1 201 Created
7月 28, 2026 1:09:32 上午 io.fabric8.mockwebserver.MockWebServer info
信息: MockWebServer[57413] received request: POST /api/v1/namespaces/test/events HTTP/1.1 and responded: HTTP/1.1 201 Created
7月 28, 2026 1:09:32 上午 io.fabric8.mockwebserver.MockWebServer info
信息: MockWebServer[57413] received request: POST /api/v1/namespaces/test/events HTTP/1.1 and responded: HTTP/1.1 201 Created
7月 28, 2026 1:09:32 上午 io.fabric8.mockwebserver.MockWebServer info
信息: MockWebServer[57413] received request: POST /api/v1/namespaces/test/events HTTP/1.1 and responded: HTTP/1.1 201 Created
7月 28, 2026 1:09:32 上午 io.fabric8.mockwebserver.MockWebServer info
信息: MockWebServer[57413] received request: POST /api/v1/namespaces/test/events HTTP/1.1 and responded: HTTP/1.1 201 Created
7月 28, 2026 1:09:32 上午 io.fabric8.mockwebserver.MockWebServer info
信息: MockWebServer[57413] received request: POST /api/v1/namespaces/test/events HTTP/1.1 and responded: HTTP/1.1 201 Created
7月 28, 2026 1:09:32 上午 io.fabric8.mockwebserver.MockWebServer info
信息: MockWebServer[57413] received request: POST /api/v1/namespaces/test/events HTTP/1.1 and responded: HTTP/1.1 201 Created
7月 28, 2026 1:09:32 上午 io.fabric8.mockwebserver.MockWebServer info
信息: MockWebServer[57413] received request: POST /api/v1/namespaces/test/events HTTP/1.1 and responded: HTTP/1.1 201 Created
7月 28, 2026 1:09:32 上午 io.fabric8.mockwebserver.MockWebServer info
信息: MockWebServer[57413] received request: POST /api/v1/namespaces/test/events HTTP/1.1 and responded: HTTP/1.1 201 Created
7月 28, 2026 1:09:32 上午 io.fabric8.mockwebserver.MockWebServer info
信息: MockWebServer[57413] received request: POST /api/v1/namespaces/test/events HTTP/1.1 and responded: HTTP/1.1 201 Created
7月 28, 2026 1:09:32 上午 io.fabric8.mockwebserver.MockWebServer info
信息: MockWebServer[57413] received request: POST /api/v1/namespaces/test/events HTTP/1.1 and responded: HTTP/1.1 201 Created
7月 28, 2026 1:09:32 上午 io.fabric8.mockwebserver.MockWebServer info
信息: MockWebServer[57413] received request: POST /api/v1/namespaces/test/events HTTP/1.1 and responded: HTTP/1.1 201 Created
7月 28, 2026 1:09:32 上午 io.fabric8.mockwebserver.MockWebServer info
信息: MockWebServer[57413] received request: POST /api/v1/namespaces/test/events HTTP/1.1 and responded: HTTP/1.1 201 Created
7月 28, 2026 1:09:32 上午 io.fabric8.mockwebserver.MockWebServer info
信息: MockWebServer[57413] received request: POST /api/v1/namespaces/test/events HTTP/1.1 and responded: HTTP/1.1 201 Created
7月 28, 2026 1:09:32 上午 io.fabric8.mockwebserver.MockWebServer info
信息: MockWebServer[57413] received request: POST /api/v1/namespaces/test/events HTTP/1.1 and responded: HTTP/1.1 201 Created
7月 28, 2026 1:09:32 上午 io.fabric8.mockwebserver.MockWebServer info
信息: MockWebServer[57413] received request: POST /api/v1/namespaces/test/events HTTP/1.1 and responded: HTTP/1.1 201 Created
7月 28, 2026 1:09:32 上午 io.fabric8.mockwebserver.MockWebServer info
信息: MockWebServer[57413] received request: POST /api/v1/namespaces/test/events HTTP/1.1 and responded: HTTP/1.1 201 Created
7月 28, 2026 1:09:32 上午 io.fabric8.mockwebserver.MockWebServer info
信息: MockWebServer[57413] received request: POST /api/v1/namespaces/test/events HTTP/1.1 and responded: HTTP/1.1 201 Created
7月 28, 2026 1:09:32 上午 io.fabric8.mockwebserver.MockWebServer info
信息: MockWebServer[57413] received request: POST /api/v1/namespaces/test/events HTTP/1.1 and responded: HTTP/1.1 201 Created
7月 28, 2026 1:09:32 上午 io.fabric8.mockwebserver.MockWebServer info
信息: MockWebServer[57413] received request: POST /api/v1/namespaces/test/events HTTP/1.1 and responded: HTTP/1.1 201 Created
7月 28, 2026 1:09:32 上午 io.fabric8.mockwebserver.MockWebServer info
信息: MockWebServer[57413] received request: POST /api/v1/namespaces/test/events HTTP/1.1 and responded: HTTP/1.1 201 Created
7月 28, 2026 1:09:32 上午 io.fabric8.mockwebserver.MockWebServer info
信息: MockWebServer[57413] received request: POST /api/v1/namespaces/test/events HTTP/1.1 and responded: HTTP/1.1 201 Created
7月 28, 2026 1:09:32 上午 io.fabric8.mockwebserver.MockWebServer info
信息: MockWebServer[57413] received request: POST /api/v1/namespaces/test/events HTTP/1.1 and responded: HTTP/1.1 201 Created
7月 28, 2026 1:09:32 上午 io.fabric8.mockwebserver.MockWebServer info
信息: MockWebServer[57413] received request: POST /api/v1/namespaces/test/events HTTP/1.1 and responded: HTTP/1.1 201 Created
7月 28, 2026 1:09:32 上午 io.fabric8.mockwebserver.MockWebServer info
信息: MockWebServer[57413] received request: POST /api/v1/namespaces/test/events HTTP/1.1 and responded: HTTP/1.1 201 Created
7月 28, 2026 1:09:32 上午 io.fabric8.mockwebserver.MockWebServer info
信息: MockWebServer[57413] received request: POST /api/v1/namespaces/test/events HTTP/1.1 and responded: HTTP/1.1 201 Created
7月 28, 2026 1:09:32 上午 io.fabric8.mockwebserver.MockWebServer info
信息: MockWebServer[57413] received request: POST /api/v1/namespaces/test/events HTTP/1.1 and responded: HTTP/1.1 201 Created
7月 28, 2026 1:09:32 上午 io.fabric8.mockwebserver.MockWebServer info
信息: MockWebServer[57413] received request: POST /api/v1/namespaces/test/events HTTP/1.1 and responded: HTTP/1.1 201 Created
7月 28, 2026 1:09:32 上午 io.fabric8.mockwebserver.MockWebServer info
信息: MockWebServer[57413] received request: POST /api/v1/namespaces/test/events HTTP/1.1 and responded: HTTP/1.1 201 Created
7月 28, 2026 1:09:32 上午 io.fabric8.mockwebserver.MockWebServer info
信息: MockWebServer[57413] received request: POST /api/v1/namespaces/test/events HTTP/1.1 and responded: HTTP/1.1 201 Created
7月 28, 2026 1:09:32 上午 io.fabric8.mockwebserver.MockWebServer info
信息: MockWebServer[57413] received request: POST /api/v1/namespaces/test/events HTTP/1.1 and responded: HTTP/1.1 201 Created
7月 28, 2026 1:09:32 上午 io.fabric8.mockwebserver.MockWebServer info
信息: MockWebServer[57413] received request: POST /api/v1/namespaces/test/events HTTP/1.1 and responded: HTTP/1.1 201 Created
7月 28, 2026 1:09:32 上午 io.fabric8.mockwebserver.MockWebServer info
信息: MockWebServer[57413] received request: POST /api/v1/namespaces/test/events HTTP/1.1 and responded: HTTP/1.1 201 Created
7月 28, 2026 1:09:32 上午 io.fabric8.mockwebserver.MockWebServer info
信息: MockWebServer[57413] received request: POST /api/v1/namespaces/test/events HTTP/1.1 and responded: HTTP/1.1 201 Created
7月 28, 2026 1:09:32 上午 io.fabric8.mockwebserver.MockWebServer info
信息: MockWebServer[57413] received request: POST /api/v1/namespaces/test/events HTTP/1.1 and responded: HTTP/1.1 201 Created
7月 28, 2026 1:09:32 上午 io.fabric8.mockwebserver.MockWebServer info
信息: MockWebServer[57413] received request: POST /api/v1/namespaces/test/events HTTP/1.1 and responded: HTTP/1.1 201 Created
7月 28, 2026 1:09:32 上午 io.fabric8.mockwebserver.MockWebServer info
信息: MockWebServer[57413] received request: POST /api/v1/namespaces/test/events HTTP/1.1 and responded: HTTP/1.1 201 Created
7月 28, 2026 1:09:32 上午 io.fabric8.mockwebserver.MockWebServer info
信息: MockWebServer[57413] received request: POST /api/v1/namespaces/test/events HTTP/1.1 and responded: HTTP/1.1 201 Created
7月 28, 2026 1:09:32 上午 io.fabric8.mockwebserver.MockWebServer info
信息: MockWebServer[57413] received request: POST /api/v1/namespaces/test/events HTTP/1.1 and responded: HTTP/1.1 201 Created
7月 28, 2026 1:09:32 上午 io.fabric8.mockwebserver.MockWebServer info
信息: MockWebServer[57413] received request: POST /api/v1/namespaces/test/events HTTP/1.1 and responded: HTTP/1.1 201 Created
7月 28, 2026 1:09:32 上午 io.fabric8.mockwebserver.MockWebServer info
信息: MockWebServer[57413] received request: POST /api/v1/namespaces/test/events HTTP/1.1 and responded: HTTP/1.1 201 Created
7月 28, 2026 1:09:32 上午 io.fabric8.mockwebserver.MockWebServer info
信息: MockWebServer[57413] received request: POST /api/v1/namespaces/test/events HTTP/1.1 and responded: HTTP/1.1 201 Created
7月 28, 2026 1:09:32 上午 io.fabric8.mockwebserver.MockWebServer info
信息: MockWebServer[57413] received request: POST /api/v1/namespaces/test/events HTTP/1.1 and responded: HTTP/1.1 201 Created
7月 28, 2026 1:09:32 上午 io.fabric8.mockwebserver.MockWebServer info
信息: MockWebServer[57413] received request: POST /api/v1/namespaces/test/events HTTP/1.1 and responded: HTTP/1.1 201 Created
7月 28, 2026 1:09:32 上午 io.fabric8.mockwebserver.MockWebServer info
信息: MockWebServer[57413] received request: POST /api/v1/namespaces/test/events HTTP/1.1 and responded: HTTP/1.1 201 Created
7月 28, 2026 1:09:32 上午 io.fabric8.mockwebserver.MockWebServer info
信息: MockWebServer[57413] received request: POST /api/v1/namespaces/test/events HTTP/1.1 and responded: HTTP/1.1 201 Created
7月 28, 2026 1:09:32 上午 io.fabric8.mockwebserver.MockWebServer info
信息: MockWebServer[57413] received request: POST /api/v1/namespaces/test/events HTTP/1.1 and responded: HTTP/1.1 201 Created
7月 28, 2026 1:09:32 上午 io.fabric8.mockwebserver.MockWebServer info
信息: MockWebServer[57413] received request: POST /api/v1/namespaces/test/events HTTP/1.1 and responded: HTTP/1.1 201 Created
7月 28, 2026 1:09:32 上午 io.fabric8.mockwebserver.MockWebServer info
信息: MockWebServer[57413] received request: POST /api/v1/namespaces/test/events HTTP/1.1 and responded: HTTP/1.1 201 Created
7月 28, 2026 1:09:32 上午 io.fabric8.mockwebserver.MockWebServer info
信息: MockWebServer[57413] received request: POST /api/v1/namespaces/test/events HTTP/1.1 and responded: HTTP/1.1 201 Created
7月 28, 2026 1:09:32 上午 io.fabric8.mockwebserver.MockWebServer info
信息: MockWebServer[57413] received request: POST /api/v1/namespaces/test/events HTTP/1.1 and responded: HTTP/1.1 201 Created
7月 28, 2026 1:09:32 上午 io.fabric8.mockwebserver.MockWebServer info
信息: MockWebServer[57413] received request: POST /api/v1/namespaces/test/events HTTP/1.1 and responded: HTTP/1.1 201 Created
7月 28, 2026 1:09:32 上午 io.fabric8.mockwebserver.MockWebServer info
信息: MockWebServer[57413] received request: POST /api/v1/namespaces/test/events HTTP/1.1 and responded: HTTP/1.1 201 Created
7月 28, 2026 1:09:32 上午 io.fabric8.mockwebserver.MockWebServer info
信息: MockWebServer[57413] received request: POST /api/v1/namespaces/test/events HTTP/1.1 and responded: HTTP/1.1 201 Created
7月 28, 2026 1:09:32 上午 io.fabric8.mockwebserver.MockWebServer info
信息: MockWebServer[57413] received request: POST /api/v1/namespaces/test/events HTTP/1.1 and responded: HTTP/1.1 201 Created
7月 28, 2026 1:09:32 上午 io.fabric8.mockwebserver.MockWebServer info
信息: MockWebServer[57413] received request: POST /api/v1/namespaces/test/events HTTP/1.1 and responded: HTTP/1.1 201 Created
7月 28, 2026 1:09:32 上午 io.fabric8.mockwebserver.MockWebServer info
信息: MockWebServer[57413] received request: POST /api/v1/namespaces/test/events HTTP/1.1 and responded: HTTP/1.1 201 Created
7月 28, 2026 1:09:32 上午 io.fabric8.mockwebserver.MockWebServer info
信息: MockWebServer[57413] received request: POST /api/v1/namespaces/test/events HTTP/1.1 and responded: HTTP/1.1 201 Created
7月 28, 2026 1:09:32 上午 io.fabric8.mockwebserver.MockWebServer info
信息: MockWebServer[57413] received request: POST /api/v1/namespaces/test/events HTTP/1.1 and responded: HTTP/1.1 201 Created
7月 28, 2026 1:09:32 上午 io.fabric8.mockwebserver.MockWebServer info
信息: MockWebServer[57413] received request: POST /api/v1/namespaces/test/events HTTP/1.1 and responded: HTTP/1.1 201 Created
7月 28, 2026 1:09:32 上午 io.fabric8.mockwebserver.MockWebServer info
信息: MockWebServer[57413] received request: POST /api/v1/namespaces/test/events HTTP/1.1 and responded: HTTP/1.1 201 Created
7月 28, 2026 1:09:32 上午 io.fabric8.mockwebserver.MockWebServer info
信息: MockWebServer[57413] received request: POST /api/v1/namespaces/test/events HTTP/1.1 and responded: HTTP/1.1 201 Created
7月 28, 2026 1:09:32 上午 io.fabric8.mockwebserver.MockWebServer info
信息: MockWebServer[57413] received request: POST /api/v1/namespaces/test/events HTTP/1.1 and responded: HTTP/1.1 201 Created
7月 28, 2026 1:09:32 上午 io.fabric8.mockwebserver.MockWebServer info
信息: MockWebServer[57413] received request: POST /api/v1/namespaces/test/events HTTP/1.1 and responded: HTTP/1.1 201 Created
7月 28, 2026 1:09:32 上午 io.fabric8.mockwebserver.MockWebServer info
信息: MockWebServer[57413] received request: POST /api/v1/namespaces/test/events HTTP/1.1 and responded: HTTP/1.1 201 Created
7月 28, 2026 1:09:32 上午 io.fabric8.mockwebserver.MockWebServer info
信息: MockWebServer[57413] received request: POST /api/v1/namespaces/test/events HTTP/1.1 and responded: HTTP/1.1 201 Created
7月 28, 2026 1:09:32 上午 io.fabric8.mockwebserver.MockWebServer info
信息: MockWebServer[57413] received request: POST /api/v1/namespaces/test/events HTTP/1.1 and responded: HTTP/1.1 201 Created
7月 28, 2026 1:09:32 上午 io.fabric8.mockwebserver.MockWebServer info
信息: MockWebServer[57413] received request: POST /api/v1/namespaces/test/events HTTP/1.1 and responded: HTTP/1.1 201 Created
7月 28, 2026 1:09:32 上午 io.fabric8.mockwebserver.MockWebServer info
信息: MockWebServer[57413] received request: POST /api/v1/namespaces/test/events HTTP/1.1 and responded: HTTP/1.1 201 Created
7月 28, 2026 1:09:32 上午 io.fabric8.mockwebserver.MockWebServer info
信息: MockWebServer[57413] received request: POST /api/v1/namespaces/test/events HTTP/1.1 and responded: HTTP/1.1 201 Created
7月 28, 2026 1:09:32 上午 io.fabric8.mockwebserver.MockWebServer info
信息: MockWebServer[57413] received request: POST /api/v1/namespaces/test/events HTTP/1.1 and responded: HTTP/1.1 201 Created
7月 28, 2026 1:09:32 上午 io.fabric8.mockwebserver.MockWebServer info
信息: MockWebServer[57413] received request: POST /api/v1/namespaces/test/events HTTP/1.1 and responded: HTTP/1.1 201 Created
7月 28, 2026 1:09:32 上午 io.fabric8.mockwebserver.MockWebServer info
信息: MockWebServer[57413] received request: POST /api/v1/namespaces/test/events HTTP/1.1 and responded: HTTP/1.1 201 Created
7月 28, 2026 1:09:32 上午 io.fabric8.mockwebserver.MockWebServer info
信息: MockWebServer[57413] received request: POST /api/v1/namespaces/test/events HTTP/1.1 and responded: HTTP/1.1 201 Created
7月 28, 2026 1:09:32 上午 io.fabric8.mockwebserver.MockWebServer info
信息: MockWebServer[57413] received request: POST /api/v1/namespaces/test/events HTTP/1.1 and responded: HTTP/1.1 201 Created
7月 28, 2026 1:09:32 上午 io.fabric8.mockwebserver.MockWebServer info
信息: MockWebServer[57413] received request: POST /api/v1/namespaces/test/events HTTP/1.1 and responded: HTTP/1.1 201 Created
7月 28, 2026 1:09:32 上午 io.fabric8.mockwebserver.MockWebServer info
信息: MockWebServer[57413] received request: POST /api/v1/namespaces/test/events HTTP/1.1 and responded: HTTP/1.1 201 Created
7月 28, 2026 1:09:32 上午 io.fabric8.mockwebserver.MockWebServer info
信息: MockWebServer[57413] received request: POST /api/v1/namespaces/test/events HTTP/1.1 and responded: HTTP/1.1 201 Created
7月 28, 2026 1:09:32 上午 io.fabric8.mockwebserver.MockWebServer info
信息: MockWebServer[57413] received request: POST /api/v1/namespaces/test/events HTTP/1.1 and responded: HTTP/1.1 201 Created
7月 28, 2026 1:09:32 上午 io.fabric8.mockwebserver.MockWebServer info
信息: MockWebServer[57413] received request: POST /api/v1/namespaces/test/events HTTP/1.1 and responded: HTTP/1.1 201 Created
7月 28, 2026 1:09:32 上午 io.fabric8.mockwebserver.MockWebServer info
信息: MockWebServer[57413] received request: POST /api/v1/namespaces/test/events HTTP/1.1 and responded: HTTP/1.1 201 Created
7月 28, 2026 1:09:32 上午 io.fabric8.mockwebserver.MockWebServer info
信息: MockWebServer[57413] received request: POST /api/v1/namespaces/test/events HTTP/1.1 and responded: HTTP/1.1 201 Created
7月 28, 2026 1:09:32 上午 io.fabric8.mockwebserver.MockWebServer info
信息: MockWebServer[57413] received request: POST /api/v1/namespaces/test/events HTTP/1.1 and responded: HTTP/1.1 201 Created
7月 28, 2026 1:09:32 上午 io.fabric8.mockwebserver.MockWebServer info
信息: MockWebServer[57413] received request: POST /api/v1/namespaces/test/events HTTP/1.1 and responded: HTTP/1.1 201 Created
7月 28, 2026 1:09:32 上午 io.fabric8.mockwebserver.MockWebServer info
信息: MockWebServer[57413] received request: POST /api/v1/namespaces/test/events HTTP/1.1 and responded: HTTP/1.1 201 Created
7月 28, 2026 1:09:32 上午 io.fabric8.mockwebserver.MockWebServer info
信息: MockWebServer[57413] received request: POST /api/v1/namespaces/test/events HTTP/1.1 and responded: HTTP/1.1 201 Created
7月 28, 2026 1:09:32 上午 io.fabric8.mockwebserver.MockWebServer info
信息: MockWebServer[57413] received request: POST /api/v1/namespaces/test/events HTTP/1.1 and responded: HTTP/1.1 201 Created
7月 28, 2026 1:09:32 上午 io.fabric8.mockwebserver.MockWebServer info
信息: MockWebServer[57413] received request: POST /api/v1/namespaces/test/events HTTP/1.1 and responded: HTTP/1.1 201 Created
7月 28, 2026 1:09:32 上午 io.fabric8.mockwebserver.MockWebServer info
信息: MockWebServer[57413] received request: POST /api/v1/namespaces/test/events HTTP/1.1 and responded: HTTP/1.1 201 Created
7月 28, 2026 1:09:32 上午 io.fabric8.mockwebserver.MockWebServer info
信息: MockWebServer[57413] received request: POST /api/v1/namespaces/test/events HTTP/1.1 and responded: HTTP/1.1 201 Created
7月 28, 2026 1:09:32 上午 io.fabric8.mockwebserver.MockWebServer info
信息: MockWebServer[57413] received request: POST /api/v1/namespaces/test/events HTTP/1.1 and responded: HTTP/1.1 201 Created
7月 28, 2026 1:09:32 上午 io.fabric8.mockwebserver.MockWebServer info
信息: MockWebServer[57413] received request: POST /api/v1/namespaces/test/events HTTP/1.1 and responded: HTTP/1.1 201 Created
7月 28, 2026 1:09:32 上午 io.fabric8.mockwebserver.MockWebServer info
信息: MockWebServer[57413] received request: POST /api/v1/namespaces/test/events HTTP/1.1 and responded: HTTP/1.1 201 Created
7月 28, 2026 1:09:32 上午 io.fabric8.mockwebserver.MockWebServer info
信息: MockWebServer[57413] received request: POST /api/v1/namespaces/test/events HTTP/1.1 and responded: HTTP/1.1 201 Created
7月 28, 2026 1:09:32 上午 io.fabric8.mockwebserver.MockWebServer info
信息: MockWebServer[57413] received request: POST /api/v1/namespaces/test/events HTTP/1.1 and responded: HTTP/1.1 201 Created
7月 28, 2026 1:09:32 上午 io.fabric8.mockwebserver.MockWebServer info
信息: MockWebServer[57413] received request: POST /api/v1/namespaces/test/events HTTP/1.1 and responded: HTTP/1.1 201 Created
7月 28, 2026 1:09:32 上午 io.fabric8.mockwebserver.MockWebServer info
信息: MockWebServer[57413] received request: POST /api/v1/namespaces/test/events HTTP/1.1 and responded: HTTP/1.1 201 Created
7月 28, 2026 1:09:32 上午 io.fabric8.mockwebserver.MockWebServer info
信息: MockWebServer[57413] received request: POST /api/v1/namespaces/test/events HTTP/1.1 and responded: HTTP/1.1 201 Created
7月 28, 2026 1:09:32 上午 io.fabric8.mockwebserver.MockWebServer info
信息: MockWebServer[57413] received request: POST /api/v1/namespaces/test/events HTTP/1.1 and responded: HTTP/1.1 201 Created
7月 28, 2026 1:09:32 上午 io.fabric8.mockwebserver.MockWebServer info
信息: MockWebServer[57413] received request: POST /api/v1/namespaces/test/events HTTP/1.1 and responded: HTTP/1.1 201 Created
7月 28, 2026 1:09:32 上午 io.fabric8.mockwebserver.MockWebServer info
信息: MockWebServer[57413] received request: POST /api/v1/namespaces/test/events HTTP/1.1 and responded: HTTP/1.1 201 Created
7月 28, 2026 1:09:32 上午 io.fabric8.mockwebserver.MockWebServer info
信息: MockWebServer[57413] received request: POST /api/v1/namespaces/test/events HTTP/1.1 and responded: HTTP/1.1 201 Created
7月 28, 2026 1:09:32 上午 io.fabric8.mockwebserver.MockWebServer info
信息: MockWebServer[57413] received request: POST /api/v1/namespaces/test/events HTTP/1.1 and responded: HTTP/1.1 201 Created
7月 28, 2026 1:09:32 上午 io.fabric8.mockwebserver.MockWebServer info
信息: MockWebServer[57413] received request: POST /api/v1/namespaces/test/events HTTP/1.1 and responded: HTTP/1.1 201 Created
7月 28, 2026 1:09:32 上午 io.fabric8.mockwebserver.MockWebServer info
信息: MockWebServer[57413] received request: POST /api/v1/namespaces/test/events HTTP/1.1 and responded: HTTP/1.1 201 Created
7月 28, 2026 1:09:32 上午 io.fabric8.mockwebserver.MockWebServer info
信息: MockWebServer[57413] received request: POST /api/v1/namespaces/test/events HTTP/1.1 and responded: HTTP/1.1 201 Created
7月 28, 2026 1:09:32 上午 io.fabric8.mockwebserver.MockWebServer info
信息: MockWebServer[57413] received request: POST /api/v1/namespaces/test/events HTTP/1.1 and responded: HTTP/1.1 201 Created
7月 28, 2026 1:09:32 上午 io.fabric8.mockwebserver.MockWebServer info
信息: MockWebServer[57413] received request: POST /api/v1/namespaces/test/events HTTP/1.1 and responded: HTTP/1.1 201 Created
7月 28, 2026 1:09:32 上午 io.fabric8.mockwebserver.MockWebServer info
信息: MockWebServer[57413] received request: POST /api/v1/namespaces/test/events HTTP/1.1 and responded: HTTP/1.1 201 Created
7月 28, 2026 1:09:32 上午 io.fabric8.mockwebserver.MockWebServer info
信息: MockWebServer[57413] received request: POST /api/v1/namespaces/test/events HTTP/1.1 and responded: HTTP/1.1 201 Created
7月 28, 2026 1:09:32 上午 io.fabric8.mockwebserver.MockWebServer info
信息: MockWebServer[57413] received request: POST /api/v1/namespaces/test/events HTTP/1.1 and responded: HTTP/1.1 201 Created
7月 28, 2026 1:09:32 上午 io.fabric8.mockwebserver.MockWebServer info
信息: MockWebServer[57413] received request: POST /api/v1/namespaces/test/events HTTP/1.1 and responded: HTTP/1.1 201 Created
7月 28, 2026 1:09:32 上午 io.fabric8.mockwebserver.MockWebServer info
信息: MockWebServer[57413] received request: POST /api/v1/namespaces/test/events HTTP/1.1 and responded: HTTP/1.1 201 Created
7月 28, 2026 1:09:32 上午 io.fabric8.mockwebserver.MockWebServer info
信息: MockWebServer[57413] received request: POST /api/v1/namespaces/test/events HTTP/1.1 and responded: HTTP/1.1 201 Created
7月 28, 2026 1:09:32 上午 io.fabric8.mockwebserver.MockWebServer info
信息: MockWebServer[57413] received request: POST /api/v1/namespaces/test/events HTTP/1.1 and responded: HTTP/1.1 201 Created
7月 28, 2026 1:09:32 上午 io.fabric8.mockwebserver.MockWebServer info
信息: MockWebServer[57413] received request: POST /api/v1/namespaces/test/events HTTP/1.1 and responded: HTTP/1.1 201 Created
7月 28, 2026 1:09:32 上午 io.fabric8.mockwebserver.MockWebServer info
信息: MockWebServer[57413] received request: POST /api/v1/namespaces/test/events HTTP/1.1 and responded: HTTP/1.1 201 Created
7月 28, 2026 1:09:32 上午 io.fabric8.mockwebserver.MockWebServer info
信息: MockWebServer[57413] received request: POST /api/v1/namespaces/test/events HTTP/1.1 and responded: HTTP/1.1 201 Created
7月 28, 2026 1:09:32 上午 io.fabric8.mockwebserver.MockWebServer info
信息: MockWebServer[57413] received request: POST /api/v1/namespaces/test/events HTTP/1.1 and responded: HTTP/1.1 201 Created
7月 28, 2026 1:09:32 上午 io.fabric8.mockwebserver.MockWebServer info
信息: MockWebServer[57413] received request: POST /api/v1/namespaces/test/events HTTP/1.1 and responded: HTTP/1.1 201 Created
7月 28, 2026 1:09:32 上午 io.fabric8.mockwebserver.MockWebServer info
信息: MockWebServer[57413] received request: POST /api/v1/namespaces/test/events HTTP/1.1 and responded: HTTP/1.1 201 Created
7月 28, 2026 1:09:32 上午 io.fabric8.mockwebserver.MockWebServer info
信息: MockWebServer[57413] received request: POST /api/v1/namespaces/test/events HTTP/1.1 and responded: HTTP/1.1 201 Created
7月 28, 2026 1:09:32 上午 io.fabric8.mockwebserver.MockWebServer info
信息: MockWebServer[57413] received request: POST /api/v1/namespaces/test/events HTTP/1.1 and responded: HTTP/1.1 201 Created
7月 28, 2026 1:09:32 上午 io.fabric8.mockwebserver.MockWebServer info
信息: MockWebServer[57413] received request: POST /api/v1/namespaces/test/events HTTP/1.1 and responded: HTTP/1.1 201 Created
7月 28, 2026 1:09:32 上午 io.fabric8.mockwebserver.MockWebServer info
信息: MockWebServer[57413] received request: POST /api/v1/namespaces/test/events HTTP/1.1 and responded: HTTP/1.1 201 Created
7月 28, 2026 1:09:32 上午 io.fabric8.mockwebserver.MockWebServer info
信息: MockWebServer[57413] received request: POST /api/v1/namespaces/test/events HTTP/1.1 and responded: HTTP/1.1 201 Created
7月 28, 2026 1:09:32 上午 io.fabric8.mockwebserver.MockWebServer info
信息: MockWebServer[57413] done accepting connections
7月 28, 2026 1:09:32 上午 io.fabric8.mockwebserver.MockWebServer info
信息: MockWebServer[57415] starting to accept connections on localhost
7月 28, 2026 1:09:32 上午 io.fabric8.mockwebserver.MockWebServer info
信息: MockWebServer[57415] received request: POST /api/v1/namespaces/test/events HTTP/1.1 and responded: HTTP/1.1 201 Created
7月 28, 2026 1:09:32 上午 io.fabric8.mockwebserver.MockWebServer info
信息: MockWebServer[57415] received request: POST /api/v1/namespaces/test/events HTTP/1.1 and responded: HTTP/1.1 409 Conflict
7月 28, 2026 1:09:32 上午 io.fabric8.mockwebserver.MockWebServer info
信息: MockWebServer[57415] received request: GET /api/v1/namespaces/test/events/deployment-b592eae0 HTTP/1.1 and responded: HTTP/1.1 200 OK
7月 28, 2026 1:09:32 上午 io.fabric8.mockwebserver.MockWebServer info
信息: MockWebServer[57415] received request: PATCH /api/v1/namespaces/test/events/deployment-b592eae0 HTTP/1.1 and responded: HTTP/1.1 202 Accepted
7月 28, 2026 1:09:32 上午 io.fabric8.mockwebserver.MockWebServer info
信息: MockWebServer[57415] received request: GET /api/v1/namespaces/test/events HTTP/1.1 and responded: HTTP/1.1 200 OK
7月 28, 2026 1:09:32 上午 io.fabric8.mockwebserver.MockWebServer info
信息: MockWebServer[57415] done accepting connections
7月 28, 2026 1:09:32 上午 io.fabric8.mockwebserver.MockWebServer info
信息: MockWebServer[57417] starting to accept connections on localhost
7月 28, 2026 1:09:32 上午 io.fabric8.mockwebserver.MockWebServer info
信息: MockWebServer[57417] done accepting connections
7月 28, 2026 1:09:32 上午 io.fabric8.mockwebserver.MockWebServer info
信息: MockWebServer[57418] starting to accept connections on localhost
7月 28, 2026 1:09:32 上午 io.fabric8.mockwebserver.MockWebServer info
信息: MockWebServer[57418] received request: POST /api/v1/namespaces/events-default/events HTTP/1.1 and responded: HTTP/1.1 201 Created
7月 28, 2026 1:09:32 上午 io.fabric8.mockwebserver.MockWebServer info
信息: MockWebServer[57418] received request: GET /api/v1/namespaces/events-default/events HTTP/1.1 and responded: HTTP/1.1 200 OK
7月 28, 2026 1:09:32 上午 io.fabric8.mockwebserver.MockWebServer info
信息: MockWebServer[57418] done accepting connections
7月 28, 2026 1:09:32 上午 io.fabric8.mockwebserver.MockWebServer info
信息: MockWebServer[57376] done accepting connections
[INFO] Tests run: 23, Failures: 0, Errors: 0, Skipped: 0, Time elapsed: 3.579 s -- in com.huawei.dcs.modelengine.operator.framework.event.EventRecorderTest
[INFO] Running com.huawei.dcs.modelengine.operator.framework.event.EventSubscriberTest
[INFO] Tests run: 6, Failures: 0, Errors: 0, Skipped: 0, Time elapsed: 0.001 s -- in com.huawei.dcs.modelengine.operator.framework.event.EventSubscriberTest
[INFO] Running com.huawei.dcs.modelengine.operator.framework.health.HealthServerTest
[INFO] Tests run: 5, Failures: 0, Errors: 0, Skipped: 0, Time elapsed: 0.051 s -- in com.huawei.dcs.modelengine.operator.framework.health.HealthServerTest
[INFO] Running com.huawei.dcs.modelengine.operator.framework.leader.LeaderElectionManagerTest
[INFO] Tests run: 3, Failures: 0, Errors: 0, Skipped: 0, Time elapsed: 0.056 s -- in com.huawei.dcs.modelengine.operator.framework.leader.LeaderElectionManagerTest
[INFO] Running com.huawei.dcs.modelengine.operator.framework.metrics.MetricsServerTest
[INFO] Tests run: 1, Failures: 0, Errors: 0, Skipped: 0, Time elapsed: 0.023 s -- in com.huawei.dcs.modelengine.operator.framework.metrics.MetricsServerTest
[INFO] Running com.huawei.dcs.modelengine.operator.framework.reconciler.ReconcilerInterfaceTest
[INFO] Tests run: 1, Failures: 0, Errors: 0, Skipped: 0, Time elapsed: 0.001 s -- in com.huawei.dcs.modelengine.operator.framework.reconciler.ReconcilerInterfaceTest
[INFO] Running com.huawei.dcs.modelengine.operator.framework.reconciler.RequestTest
[INFO] Tests run: 5, Failures: 0, Errors: 0, Skipped: 0, Time elapsed: 0.001 s -- in com.huawei.dcs.modelengine.operator.framework.reconciler.RequestTest
[INFO] Running com.huawei.dcs.modelengine.operator.framework.reconciler.RequestTriggerTest
[INFO] Tests run: 8, Failures: 0, Errors: 0, Skipped: 0, Time elapsed: 0.004 s -- in com.huawei.dcs.modelengine.operator.framework.reconciler.RequestTriggerTest
[INFO] Running com.huawei.dcs.modelengine.operator.framework.reconciler.TriggerTest
[INFO] Tests run: 5, Failures: 0, Errors: 0, Skipped: 0, Time elapsed: 0.001 s -- in com.huawei.dcs.modelengine.operator.framework.reconciler.TriggerTest
[INFO] Running com.huawei.dcs.modelengine.operator.framework.retry.ExponentialBackoffRetryPolicyTest
[INFO] Tests run: 3, Failures: 0, Errors: 0, Skipped: 0, Time elapsed: 0 s -- in com.huawei.dcs.modelengine.operator.framework.retry.ExponentialBackoffRetryPolicyTest
[INFO] Running com.huawei.dcs.modelengine.operator.framework.retry.RateLimiterTest
[INFO] Tests run: 2, Failures: 0, Errors: 0, Skipped: 0, Time elapsed: 0.003 s -- in com.huawei.dcs.modelengine.operator.framework.retry.RateLimiterTest
[INFO] Running com.huawei.dcs.modelengine.operator.framework.source.MappersTest
[INFO] Tests run: 11, Failures: 0, Errors: 0, Skipped: 0, Time elapsed: 0.002 s -- in com.huawei.dcs.modelengine.operator.framework.source.MappersTest
[INFO] Running com.huawei.dcs.modelengine.operator.framework.source.ReconciliationQueueTest
[INFO] Tests run: 4, Failures: 0, Errors: 0, Skipped: 0, Time elapsed: 0.002 s -- in com.huawei.dcs.modelengine.operator.framework.source.ReconciliationQueueTest
[INFO] Running com.huawei.dcs.modelengine.operator.framework.source.ResourceEventSourceTest
[INFO] Tests run: 10, Failures: 0, Errors: 0, Skipped: 0, Time elapsed: 0.037 s -- in com.huawei.dcs.modelengine.operator.framework.source.ResourceEventSourceTest
[INFO] Running com.huawei.dcs.modelengine.operator.framework.source.ResourceEventTest
[INFO] Tests run: 3, Failures: 0, Errors: 0, Skipped: 0, Time elapsed: 0.001 s -- in com.huawei.dcs.modelengine.operator.framework.source.ResourceEventTest
[INFO] Running com.huawei.dcs.modelengine.operator.framework.source.ResourceEventTypeTest
[INFO] Tests run: 1, Failures: 0, Errors: 0, Skipped: 0, Time elapsed: 0.001 s -- in com.huawei.dcs.modelengine.operator.framework.source.ResourceEventTypeTest
[INFO] Running com.huawei.dcs.modelengine.operator.framework.source.ResourceMapperTest
[INFO] Tests run: 1, Failures: 0, Errors: 0, Skipped: 0, Time elapsed: 0.024 s -- in com.huawei.dcs.modelengine.operator.framework.source.ResourceMapperTest
[INFO] Running com.huawei.dcs.modelengine.operator.framework.source.SecondaryEventIntegrationTest
[INFO] Tests run: 7, Failures: 0, Errors: 0, Skipped: 0, Time elapsed: 0.007 s -- in com.huawei.dcs.modelengine.operator.framework.source.SecondaryEventIntegrationTest
[INFO] Running com.huawei.dcs.modelengine.operator.framework.util.FinalizerHelperTest
[INFO] Tests run: 2, Failures: 0, Errors: 0, Skipped: 0, Time elapsed: 0.030 s -- in com.huawei.dcs.modelengine.operator.framework.util.FinalizerHelperTest
[INFO] Running com.huawei.dcs.modelengine.operator.framework.util.OwnerReferenceHelperTest
[INFO] Tests run: 1, Failures: 0, Errors: 0, Skipped: 0, Time elapsed: 0.003 s -- in com.huawei.dcs.modelengine.operator.framework.util.OwnerReferenceHelperTest
[INFO] Running com.huawei.dcs.modelengine.operator.framework.webhook.WebhookServerTest
[INFO] Tests run: 5, Failures: 0, Errors: 0, Skipped: 0, Time elapsed: 1.579 s -- in com.huawei.dcs.modelengine.operator.framework.webhook.WebhookServerTest
[INFO] Running com.huawei.dcs.modelengine.operator.framework.webhook.admission.AdmissionHandlerTest
[INFO] Tests run: 9, Failures: 0, Errors: 0, Skipped: 0, Time elapsed: 0.120 s -- in com.huawei.dcs.modelengine.operator.framework.webhook.admission.AdmissionHandlerTest
[INFO] Running com.huawei.dcs.modelengine.operator.framework.webhook.cert.PemCertificateUtilsTest
[INFO] Tests run: 4, Failures: 0, Errors: 0, Skipped: 0, Time elapsed: 0.195 s -- in com.huawei.dcs.modelengine.operator.framework.webhook.cert.PemCertificateUtilsTest
[INFO] Running com.huawei.dcs.modelengine.operator.framework.webhook.cert.TlsCertReloadTest
7月 28, 2026 1:09:36 上午 com.huawei.dcs.modelengine.operator.framework.webhook.cert.CertWatcher reloadWhenFingerprintChanged
警告: Ignoring invalid TLS certificate files and keeping previous SSL context
java.io.IOException: Failed to load TLS certificate files
	at com.huawei.dcs.modelengine.operator.framework.webhook.ReloadableSslContext.buildSslContext(ReloadableSslContext.java:69)
	at com.huawei.dcs.modelengine.operator.framework.webhook.ReloadableSslContext.reload(ReloadableSslContext.java:51)
	at com.huawei.dcs.modelengine.operator.framework.webhook.cert.CertWatcher.reloadWhenFingerprintChanged(CertWatcher.java:160)
	at com.huawei.dcs.modelengine.operator.framework.webhook.cert.CertWatcher.watchLoop(CertWatcher.java:102)
	at java.base/java.lang.Thread.run(Thread.java:1583)
Caused by: java.io.IOException: Failed to read X.509 certificates
	at com.huawei.dcs.modelengine.operator.framework.webhook.cert.PemCertificateUtils.readCertificates(PemCertificateUtils.java:62)
	at com.huawei.dcs.modelengine.operator.framework.webhook.cert.PemCertificateUtils.readCertificates(PemCertificateUtils.java:40)
	at com.huawei.dcs.modelengine.operator.framework.webhook.ReloadableSslContext.loadKeyManager(ReloadableSslContext.java:74)
	at com.huawei.dcs.modelengine.operator.framework.webhook.ReloadableSslContext.buildSslContext(ReloadableSslContext.java:60)
	... 4 more
Caused by: java.security.cert.CertificateException: No certificate data found
	at java.base/sun.security.provider.X509Factory.parseX509orPKCS7Cert(X509Factory.java:460)
	at java.base/sun.security.provider.X509Factory.engineGenerateCertificates(X509Factory.java:360)
	at java.base/java.security.cert.CertificateFactory.generateCertificates(CertificateFactory.java:480)
	at com.huawei.dcs.modelengine.operator.framework.webhook.cert.PemCertificateUtils.readCertificates(PemCertificateUtils.java:54)
	... 7 more

[INFO] Tests run: 1, Failures: 0, Errors: 0, Skipped: 0, Time elapsed: 1.604 s -- in com.huawei.dcs.modelengine.operator.framework.webhook.cert.TlsCertReloadTest
[INFO] Running com.huawei.dcs.modelengine.operator.framework.webhook.cert.WebhookCertificateGeneratorTest
[INFO] Tests run: 5, Failures: 0, Errors: 0, Skipped: 0, Time elapsed: 0.769 s -- in com.huawei.dcs.modelengine.operator.framework.webhook.cert.WebhookCertificateGeneratorTest
[INFO] Running com.huawei.dcs.modelengine.operator.framework.webhook.cert.WebhookCertificateSecretManagerTest
7月 28, 2026 1:09:37 上午 io.fabric8.mockwebserver.MockWebServer info
信息: MockWebServer[57449] starting to accept connections on localhost
7月 28, 2026 1:09:37 上午 io.fabric8.mockwebserver.MockWebServer info
信息: MockWebServer[57450] starting to accept connections on localhost
7月 28, 2026 1:09:37 上午 io.fabric8.mockwebserver.MockWebServer info
信息: MockWebServer[57450] received request: GET /api/v1/namespaces/operator-system/secrets/webhook-ca HTTP/1.1 and responded: HTTP/1.1 200 OK
7月 28, 2026 1:09:37 上午 io.fabric8.mockwebserver.MockWebServer info
信息: MockWebServer[57450] done accepting connections
7月 28, 2026 1:09:37 上午 io.fabric8.mockwebserver.MockWebServer info
信息: MockWebServer[57452] starting to accept connections on localhost
7月 28, 2026 1:09:37 上午 io.fabric8.mockwebserver.MockWebServer info
信息: MockWebServer[57452] received request: GET /api/v1/namespaces/operator-system/secrets/webhook-ca HTTP/1.1 and responded: HTTP/1.1 404 Not Found
7月 28, 2026 1:09:37 上午 io.fabric8.mockwebserver.MockWebServer info
信息: MockWebServer[57452] received request: POST /api/v1/namespaces/operator-system/secrets HTTP/1.1 and responded: HTTP/1.1 201 Created
7月 28, 2026 1:09:37 上午 io.fabric8.mockwebserver.MockWebServer info
信息: MockWebServer[57452] done accepting connections
7月 28, 2026 1:09:38 上午 io.fabric8.mockwebserver.MockWebServer info
信息: MockWebServer[57454] starting to accept connections on localhost
7月 28, 2026 1:09:38 上午 io.fabric8.mockwebserver.MockWebServer info
信息: MockWebServer[57454] received request: GET /api/v1/namespaces/operator-system/secrets/webhook-ca HTTP/1.1 and responded: HTTP/1.1 200 OK
7月 28, 2026 1:09:38 上午 io.fabric8.mockwebserver.MockWebServer info
信息: MockWebServer[57454] done accepting connections
7月 28, 2026 1:09:38 上午 io.fabric8.mockwebserver.MockWebServer info
信息: MockWebServer[57456] starting to accept connections on localhost
7月 28, 2026 1:09:38 上午 io.fabric8.mockwebserver.MockWebServer info
信息: MockWebServer[57456] received request: GET /api/v1/namespaces/operator-system/secrets/webhook-ca HTTP/1.1 and responded: HTTP/1.1 200 OK
7月 28, 2026 1:09:38 上午 io.fabric8.mockwebserver.MockWebServer info
信息: MockWebServer[57456] received request: GET /api/v1/namespaces/operator-system/secrets/webhook-ca HTTP/1.1 and responded: HTTP/1.1 200 OK
7月 28, 2026 1:09:38 上午 io.fabric8.mockwebserver.MockWebServer info
信息: MockWebServer[57456] done accepting connections
7月 28, 2026 1:09:38 上午 io.fabric8.mockwebserver.MockWebServer info
信息: MockWebServer[57459] starting to accept connections on localhost
7月 28, 2026 1:09:38 上午 io.fabric8.mockwebserver.MockWebServer info
信息: MockWebServer[57459] received request: GET /api/v1/namespaces/operator-system/secrets/webhook-ca HTTP/1.1 and responded: HTTP/1.1 200 OK
7月 28, 2026 1:09:38 上午 io.fabric8.mockwebserver.MockWebServer info
信息: MockWebServer[57459] done accepting connections
7月 28, 2026 1:09:38 上午 io.fabric8.mockwebserver.MockWebServer info
信息: MockWebServer[57461] starting to accept connections on localhost
7月 28, 2026 1:09:38 上午 io.fabric8.mockwebserver.MockWebServer info
信息: MockWebServer[57461] received request: GET /api/v1/namespaces/operator-system/secrets/webhook-ca HTTP/1.1 and responded: HTTP/1.1 404 Not Found
7月 28, 2026 1:09:38 上午 io.fabric8.mockwebserver.MockWebServer info
信息: MockWebServer[57461] received request: POST /api/v1/namespaces/operator-system/secrets HTTP/1.1 and responded: HTTP/1.1 409 Conflict
7月 28, 2026 1:09:38 上午 io.fabric8.mockwebserver.MockWebServer info
信息: MockWebServer[57461] received request: GET /api/v1/namespaces/operator-system/secrets/webhook-ca HTTP/1.1 and responded: HTTP/1.1 200 OK
7月 28, 2026 1:09:38 上午 io.fabric8.mockwebserver.MockWebServer info
信息: MockWebServer[57461] done accepting connections
7月 28, 2026 1:09:38 上午 io.fabric8.mockwebserver.MockWebServer info
信息: MockWebServer[57449] done accepting connections
[INFO] Tests run: 6, Failures: 0, Errors: 0, Skipped: 0, Time elapsed: 1.415 s -- in com.huawei.dcs.modelengine.operator.framework.webhook.cert.WebhookCertificateSecretManagerTest
[INFO] Running com.huawei.dcs.modelengine.operator.framework.webhook.conversion.ConversionHandlerTest
[INFO] Tests run: 13, Failures: 0, Errors: 0, Skipped: 0, Time elapsed: 0.051 s -- in com.huawei.dcs.modelengine.operator.framework.webhook.conversion.ConversionHandlerTest
[INFO] Running com.huawei.dcs.modelengine.operator.framework.webhook.conversion.ConversionResultTest
[INFO] Tests run: 4, Failures: 0, Errors: 0, Skipped: 0, Time elapsed: 0.001 s -- in com.huawei.dcs.modelengine.operator.framework.webhook.conversion.ConversionResultTest
[INFO] Running com.huawei.dcs.modelengine.operator.framework.webhook.registration.WebhookSelfRegistrationTest
7月 28, 2026 1:09:39 上午 io.fabric8.mockwebserver.MockWebServer info
信息: MockWebServer[57485] starting to accept connections on localhost
7月 28, 2026 1:09:39 上午 io.fabric8.mockwebserver.MockWebServer info
信息: MockWebServer[57486] starting to accept connections on localhost
7月 28, 2026 1:09:39 上午 io.fabric8.mockwebserver.MockWebServer info
信息: MockWebServer[57486] received request: GET /apis/apiextensions.k8s.io/v1/customresourcedefinitions/missing.example.com HTTP/1.1 and responded: HTTP/1.1 404 Not Found
7月 28, 2026 1:09:39 上午 io.fabric8.mockwebserver.MockWebServer info
信息: MockWebServer[57486] done accepting connections
7月 28, 2026 1:09:39 上午 io.fabric8.mockwebserver.MockWebServer info
信息: MockWebServer[57488] starting to accept connections on localhost
7月 28, 2026 1:09:39 上午 io.fabric8.mockwebserver.MockWebServer info
信息: MockWebServer[57488] done accepting connections
7月 28, 2026 1:09:39 上午 io.fabric8.mockwebserver.MockWebServer info
信息: MockWebServer[57489] starting to accept connections on localhost
7月 28, 2026 1:09:39 上午 io.fabric8.mockwebserver.MockWebServer info
信息: MockWebServer[57489] done accepting connections
7月 28, 2026 1:09:39 上午 io.fabric8.mockwebserver.MockWebServer info
信息: MockWebServer[57490] starting to accept connections on localhost
7月 28, 2026 1:09:39 上午 io.fabric8.mockwebserver.MockWebServer info
信息: MockWebServer[57490] received request: POST /apis/admissionregistration.k8s.io/v1/validatingwebhookconfigurations HTTP/1.1 and responded: HTTP/1.1 201 Created
7月 28, 2026 1:09:39 上午 io.fabric8.mockwebserver.MockWebServer info
信息: MockWebServer[57490] received request: POST /apis/admissionregistration.k8s.io/v1/mutatingwebhookconfigurations HTTP/1.1 and responded: HTTP/1.1 201 Created
7月 28, 2026 1:09:39 上午 io.fabric8.mockwebserver.MockWebServer info
信息: MockWebServer[57490] received request: DELETE /apis/admissionregistration.k8s.io/v1/validatingwebhookconfigurations/echo-webhook.validator HTTP/1.1 and responded: HTTP/1.1 200 OK
7月 28, 2026 1:09:39 上午 io.fabric8.mockwebserver.MockWebServer info
信息: MockWebServer[57490] received request: DELETE /apis/admissionregistration.k8s.io/v1/mutatingwebhookconfigurations/echo-webhook.mutator HTTP/1.1 and responded: HTTP/1.1 200 OK
7月 28, 2026 1:09:39 上午 io.fabric8.mockwebserver.MockWebServer info
信息: MockWebServer[57490] received request: GET /apis/admissionregistration.k8s.io/v1/validatingwebhookconfigurations/echo-webhook.validator HTTP/1.1 and responded: HTTP/1.1 404 Not Found
7月 28, 2026 1:09:39 上午 io.fabric8.mockwebserver.MockWebServer info
信息: MockWebServer[57490] received request: GET /apis/admissionregistration.k8s.io/v1/mutatingwebhookconfigurations/echo-webhook.mutator HTTP/1.1 and responded: HTTP/1.1 404 Not Found
7月 28, 2026 1:09:39 上午 io.fabric8.mockwebserver.MockWebServer info
信息: MockWebServer[57490] done accepting connections
7月 28, 2026 1:09:39 上午 io.fabric8.mockwebserver.MockWebServer info
信息: MockWebServer[57492] starting to accept connections on localhost
7月 28, 2026 1:09:39 上午 io.fabric8.mockwebserver.MockWebServer info
信息: MockWebServer[57492] received request: POST /apis/apiextensions.k8s.io/v1/customresourcedefinitions HTTP/1.1 and responded: HTTP/1.1 201 Created
7月 28, 2026 1:09:39 上午 io.fabric8.mockwebserver.MockWebServer info
信息: MockWebServer[57492] received request: GET /apis/apiextensions.k8s.io/v1/customresourcedefinitions/widgets.example.com HTTP/1.1 and responded: HTTP/1.1 200 OK
7月 28, 2026 1:09:39 上午 io.fabric8.mockwebserver.MockWebServer info
信息: MockWebServer[57492] received request: PUT /apis/apiextensions.k8s.io/v1/customresourcedefinitions/widgets.example.com HTTP/1.1 and responded: HTTP/1.1 200 OK
7月 28, 2026 1:09:39 上午 io.fabric8.mockwebserver.MockWebServer info
信息: MockWebServer[57492] received request: GET /apis/apiextensions.k8s.io/v1/customresourcedefinitions/widgets.example.com HTTP/1.1 and responded: HTTP/1.1 200 OK
7月 28, 2026 1:09:39 上午 io.fabric8.mockwebserver.MockWebServer info
信息: MockWebServer[57492] done accepting connections
7月 28, 2026 1:09:39 上午 io.fabric8.mockwebserver.MockWebServer info
信息: MockWebServer[57494] starting to accept connections on localhost
7月 28, 2026 1:09:39 上午 io.fabric8.mockwebserver.MockWebServer info
信息: MockWebServer[57494] received request: GET /apis/apiextensions.k8s.io/v1/customresourcedefinitions/widgets.example.com HTTP/1.1 and responded: HTTP/1.1 200 OK
7月 28, 2026 1:09:39 上午 io.fabric8.mockwebserver.MockWebServer info
信息: MockWebServer[57494] received request: PUT /apis/apiextensions.k8s.io/v1/customresourcedefinitions/widgets.example.com HTTP/1.1 and responded: HTTP/1.1 409 Conflict
7月 28, 2026 1:09:39 上午 io.fabric8.mockwebserver.MockWebServer info
信息: MockWebServer[57494] received request: GET /apis/apiextensions.k8s.io/v1/customresourcedefinitions/widgets.example.com HTTP/1.1 and responded: HTTP/1.1 200 OK
7月 28, 2026 1:09:39 上午 io.fabric8.mockwebserver.MockWebServer info
信息: MockWebServer[57494] received request: PUT /apis/apiextensions.k8s.io/v1/customresourcedefinitions/widgets.example.com HTTP/1.1 and responded: HTTP/1.1 200 OK
7月 28, 2026 1:09:39 上午 io.fabric8.mockwebserver.MockWebServer info
信息: MockWebServer[57494] received request: GET /apis/apiextensions.k8s.io/v1/customresourcedefinitions/widgets.example.com HTTP/1.1 and responded: HTTP/1.1 200 OK
7月 28, 2026 1:09:39 上午 io.fabric8.mockwebserver.MockWebServer info
信息: MockWebServer[57494] done accepting connections
7月 28, 2026 1:09:39 上午 io.fabric8.mockwebserver.MockWebServer info
信息: MockWebServer[57496] starting to accept connections on localhost
7月 28, 2026 1:09:39 上午 io.fabric8.mockwebserver.MockWebServer info
信息: MockWebServer[57496] done accepting connections
7月 28, 2026 1:09:39 上午 io.fabric8.mockwebserver.MockWebServer info
信息: MockWebServer[57497] starting to accept connections on localhost
7月 28, 2026 1:09:39 上午 io.fabric8.mockwebserver.MockWebServer info
信息: MockWebServer[57497] done accepting connections
7月 28, 2026 1:09:39 上午 io.fabric8.mockwebserver.MockWebServer info
信息: MockWebServer[57498] starting to accept connections on localhost
7月 28, 2026 1:09:39 上午 io.fabric8.mockwebserver.MockWebServer info
信息: MockWebServer[57498] done accepting connections
7月 28, 2026 1:09:39 上午 io.fabric8.mockwebserver.MockWebServer info
信息: MockWebServer[57485] done accepting connections
[INFO] Tests run: 9, Failures: 0, Errors: 0, Skipped: 0, Time elapsed: 0.890 s -- in com.huawei.dcs.modelengine.operator.framework.webhook.registration.WebhookSelfRegistrationTest
[INFO] 
[INFO] Results:
[INFO] 
[INFO] Tests run: 168, Failures: 0, Errors: 0, Skipped: 0
[INFO] 
[INFO] 
[INFO] --- jar:3.4.1:jar (default-jar) @ operator-framework ---
[INFO] Building jar: /Volumes/work/Project/java-operator-framework/operator/framework/target/operator-framework-0.1.0-SNAPSHOT.jar
[INFO] 
[INFO] --- source:3.3.1:jar-no-fork (attach-sources) @ operator-framework ---
[INFO] Building jar: /Volumes/work/Project/java-operator-framework/operator/framework/target/operator-framework-0.1.0-SNAPSHOT-sources.jar
[INFO] 
[INFO] --- install:3.1.2:install (default-install) @ operator-framework ---
[INFO] Installing /Volumes/work/Project/java-operator-framework/operator/framework/pom.xml to /Users/crazytomatooo/.m2/repository/com/huawei/dcs/modelengine/operator-framework/0.1.0-SNAPSHOT/operator-framework-0.1.0-SNAPSHOT.pom
[INFO] Installing /Volumes/work/Project/java-operator-framework/operator/framework/target/operator-framework-0.1.0-SNAPSHOT.jar to /Users/crazytomatooo/.m2/repository/com/huawei/dcs/modelengine/operator-framework/0.1.0-SNAPSHOT/operator-framework-0.1.0-SNAPSHOT.jar
[INFO] Installing /Volumes/work/Project/java-operator-framework/operator/framework/target/operator-framework-0.1.0-SNAPSHOT-sources.jar to /Users/crazytomatooo/.m2/repository/com/huawei/dcs/modelengine/operator-framework/0.1.0-SNAPSHOT/operator-framework-0.1.0-SNAPSHOT-sources.jar
[INFO] ------------------------------------------------------------------------
[INFO] BUILD SUCCESS
[INFO] ------------------------------------------------------------------------
[INFO] Total time:  16.936 s
[INFO] Finished at: 2026-07-28T01:09:40+08:00
[INFO] ------------------------------------------------------------------------

EXIT_CODE=0
